    Blocking waiting for file lock on package cache
    Blocking waiting for file lock on package cache
    Blocking waiting for file lock on package cache
    Blocking waiting for file lock on package cache
    Blocking waiting for file lock on build directory
   Compiling unicode-ident v1.0.24
   Compiling proc-macro2 v1.0.107
   Compiling quote v1.0.47
   Compiling cfg-if v1.0.4
   Compiling libc v0.2.189
   Compiling find-msvc-tools v0.1.11
   Compiling shlex v2.0.1
   Compiling once_cell v1.21.4
   Compiling smallvec v1.16.0
   Compiling pin-project-lite v0.2.17
   Compiling bytes v1.12.1
   Compiling bitflags v2.13.1
   Compiling log v0.4.34
   Compiling serde_core v1.0.229
   Compiling itoa v1.0.18
   Compiling either v1.18.0
   Compiling futures-core v0.3.34
   Compiling equivalent v1.0.2
   Compiling stable_deref_trait v1.2.1
   Compiling autocfg v1.5.1
   Compiling parking_lot_core v0.9.12
   Compiling scopeguard v1.2.0
   Compiling futures-sink v0.3.34
   Compiling lock_api v0.4.14
   Compiling slab v0.4.12
   Compiling pkg-config v0.3.34
   Compiling foldhash v0.2.0
   Compiling version_check v0.9.5
   Compiling serde v1.0.229
   Compiling tracing-core v0.1.36
   Compiling futures-task v0.3.34
   Compiling memchr v2.8.3
   Compiling rustversion v1.0.23
   Compiling anyhow v1.0.104
   Compiling syn v2.0.119
   Compiling syn v3.0.4
   Compiling generic-array v0.14.7
   Compiling writeable v0.6.4
   Compiling fnv v1.0.7
   Compiling errno v0.3.14
   Compiling getrandom v0.2.17
   Compiling signal-hook-registry v1.4.8
   Compiling parking_lot v0.12.5
   Compiling rand_core v0.6.4
   Compiling socket2 v0.6.5
   Compiling jobserver v0.1.35
   Compiling mio v1.2.3
   Compiling cc v1.4.4
   Compiling fastrand v2.5.0
   Compiling typenum v1.20.1
   Compiling litemap v0.8.3
   Compiling core-foundation-sys v0.8.7
   Compiling rand_core v0.10.1
   Compiling utf8_iter v1.0.4
   Compiling getrandom v0.4.3
   Compiling num-traits v0.2.19
   Compiling icu_properties_data v2.3.0
   Compiling icu_normalizer_data v2.3.0
   Compiling zerocopy v0.8.56
   Compiling hashbrown v0.17.1
   Compiling http v1.5.0
   Compiling crypto-common v0.1.7
   Compiling itertools v0.14.0
   Compiling heck v0.5.0
   Compiling rustix v1.1.4
   Compiling regex-syntax v0.8.11
   Compiling prettyplease v0.2.37
   Compiling synstructure v0.13.2
   Compiling itertools v0.12.1
   Compiling subtle v2.6.1
   Compiling write16 v1.0.0
   Compiling utf16_iter v1.0.5
   Compiling num-conv v0.2.2
   Compiling byteorder v1.5.0
   Compiling time-core v0.1.9
   Compiling indexmap v2.14.1
   Compiling time-macros v0.2.32
   Compiling futures-macro v0.3.34
   Compiling serde_derive v1.0.229
   Compiling zerovec-derive v0.11.6
   Compiling zerofrom-derive v0.1.7
   Compiling yoke-derive v0.8.2
   Compiling futures-util v0.3.34
   Compiling tracing-attributes v0.1.31
   Compiling displaydoc v0.2.7
   Compiling tokio-macros v2.7.2
   Compiling async-trait v0.1.92
   Compiling zerofrom v0.1.8
   Compiling zeroize_derive v1.5.0
   Compiling ppv-lite86 v0.2.21
   Compiling regex-automata v0.4.18
   Compiling tokio v1.53.1
   Compiling deranged v0.5.8
   Compiling yoke v0.8.3
   Compiling aho-corasick v1.1.5
   Compiling zeroize v1.9.0
   Compiling httparse v1.10.1
   Compiling zerovec v0.11.8
   Compiling tracing v0.1.44
   Compiling zerotrie v0.2.5
   Compiling powerfmt v0.2.0
   Compiling zmij v1.0.23
   Compiling crossbeam-utils v0.8.22
   Compiling time v0.3.55
   Compiling regex v1.13.1
   Compiling zstd-sys v2.0.16+zstd.1.5.7
   Compiling tinystr v0.8.4
   Compiling potential_utf v0.1.6
   Compiling icu_collections v2.3.0
   Compiling cpufeatures v0.2.17
   Compiling icu_locale_core v2.3.0
   Compiling minimal-lexical v0.2.1
   Compiling percent-encoding v2.3.2
   Compiling lazy_static v1.5.0
   Compiling serde_json v1.0.151
   Compiling tower-service v0.3.3
   Compiling base64 v0.22.1
   Compiling rustls-pki-types v1.15.1
   Compiling tempfile v3.27.0
   Compiling semver v1.0.28
   Compiling thiserror v2.0.20
   Compiling crunchy v0.2.4
   Compiling icu_provider v2.3.1
   Compiling rustc_version v0.4.1
   Compiling prost-derive v0.14.4
   Compiling icu_properties v2.3.0
   Compiling icu_normalizer v2.3.0
   Compiling thiserror-impl v2.0.20
   Compiling tokio-util v0.7.19
   Compiling ident_case v1.0.1
   Compiling getrandom v0.3.4
   Compiling strsim v0.11.1
   Compiling zstd-safe v7.2.4
   Compiling crossbeam-epoch v0.9.20
   Compiling darling_core v0.24.1
   Compiling chacha20 v0.10.2
   Compiling ownedbytes v0.9.0
   Compiling glob v0.3.4
   Compiling try-lock v0.2.5
   Compiling icu_locale_fallback_data v2.3.0
   Compiling crossbeam-deque v0.8.7
   Compiling typeid v1.0.3
   Compiling prettyplease v0.3.0
   Compiling clang-sys v1.9.1
   Compiling want v0.3.1
   Compiling rand v0.10.2
   Compiling tantivy-common v0.11.0
   Compiling bitpacking v0.9.3
   Compiling matchers v0.2.0
   Compiling sharded-slab v0.1.7
   Compiling num-integer v0.1.47
   Compiling inout v0.1.4
   Compiling tracing-log v0.2.0
   Compiling futures-channel v0.3.34
   Compiling thread_local v1.1.10
   Compiling libloading v0.8.9
   Compiling tower-layer v0.3.3
   Compiling libm v0.2.16
   Compiling rustix v0.38.44
   Compiling utf8-ranges v1.0.5
   Compiling httpdate v1.0.3
   Compiling ryu v1.0.23
   Compiling untrusted v0.9.0
   Compiling erased-serde v0.4.10
   Compiling nu-ansi-term v0.50.3
   Compiling rayon-core v1.13.0
   Compiling tantivy-fst v0.5.0
   Compiling tracing-subscriber v0.3.23
   Compiling num-bigint v0.4.8
   Compiling cipher v0.4.4
   Compiling darling_macro v0.24.1
   Compiling tantivy-bitpacker v0.10.0
   Compiling darling v0.24.1
   Compiling form_urlencoded v1.2.2
   Compiling bytemuck_derive v1.12.0
   Compiling universal-hash v0.5.1
   Compiling ring v0.17.14
   Compiling cmake v0.1.58
   Compiling iana-time-zone v0.1.65
   Compiling memoffset v0.9.1
   Compiling sha1_smol v1.0.1
   Compiling dunce v1.0.5
   Compiling crc32fast v1.5.1
   Compiling allocator-api2 v0.2.21
   Compiling icu_collator_data v2.3.0
   Compiling fs_extra v1.3.0
   Compiling multimap v0.10.1
   Compiling icu_locale_data v2.3.0
   Compiling murmurhash32 v0.3.1
   Compiling opaque-debug v0.3.1
   Compiling typetag v0.2.23
   Compiling aws-lc-sys v0.45.0
   Compiling tantivy-stacker v0.7.0
   Compiling polyval v0.6.2
   Compiling hashbrown v0.16.1
   Compiling bytemuck v1.25.2
   Compiling nom v7.1.3
   Compiling uuid v1.26.0
   Compiling bon-macros v3.10.0
   Compiling chrono v0.4.45
   Compiling icu_locale_fallback v2.3.0
   Compiling rand_core v0.9.5
   Compiling idna_adapter v1.2.2
   Compiling branches v0.4.6
   Compiling crc32c v0.6.8
   Compiling crossbeam-channel v0.5.16
   Compiling strum_macros v0.26.4
   Compiling prost-derive v0.12.6
   Compiling turso_macros v0.7.2
   Compiling miette-derive v7.6.0
   Compiling typetag-impl v0.2.23
   Compiling ordered-float v5.5.0
   Compiling http-body v1.1.0
   Compiling aegis v0.9.15
   Compiling simsimd v6.5.16
   Compiling uncased v0.9.10
   Compiling bigdecimal v0.4.10
   Compiling fallible-iterator v0.3.0
   Compiling inventory v0.3.24
   Compiling home v0.5.12
   Compiling bindgen v0.69.5
   Compiling cfg_aliases v0.2.2
   Compiling fastdivide v0.4.2
   Compiling turso_ext v0.7.2
   Compiling downcast-rs v2.0.2
   Compiling unicode-width v0.1.14
   Compiling turso_core v0.7.2
   Compiling strum v0.26.3
   Compiling miette v7.6.0
   Compiling which v4.4.2
   Compiling tantivy-query-grammar v0.26.0
   Compiling bon v3.10.0
   Compiling rand_chacha v0.9.0
   Compiling idna v1.1.0
   Compiling cexpr v0.6.0
   Compiling rayon v1.12.0
   Compiling lru v0.16.4
   Compiling ghash v0.5.1
   Compiling aes v0.8.4
   Compiling ctr v0.9.2
   Compiling rust-stemmers v1.2.0
   Compiling tantivy-tokenizer-api v0.7.0
   Compiling sketches-ddsketch v0.4.1
   Compiling rand_chacha v0.3.1
   Compiling fs4 v0.13.1
   Compiling aristo-macros v0.4.1
   Compiling aead v0.5.2
   Compiling arc-swap v1.9.2
   Compiling memmap2 v0.9.11
   Compiling http v0.2.12
   Compiling measure_time v0.9.0
   Compiling levenshtein_automata v0.2.1
   Compiling datasketches v0.2.0
   Compiling lz4_flex v0.13.1
   Compiling softaes v0.1.5
   Compiling rustc-hash v1.1.0
   Compiling shlex v1.3.0
   Compiling htmlescape v0.3.1
   Compiling system-configuration-sys v0.6.0
   Compiling siphasher v1.0.3
   Compiling census v0.4.2
   Compiling rustc-hash v2.1.3
   Compiling oneshot v0.1.13
   Compiling mime v0.3.17
   Compiling foldhash v0.1.5
   Compiling lazycell v1.3.0
   Compiling fastbloom v0.14.1
   Compiling hashbrown v0.15.5
   Compiling aristo v0.4.1
   Compiling aes-gcm v0.10.3
   Compiling rand v0.8.8
   Compiling icu_locale v2.3.1
   Compiling icu_collator v2.3.1
   Compiling url v2.5.8
   Compiling intrusive-collections v0.9.7
   Compiling rand v0.9.5
   Compiling turso_parser v0.7.2
   Compiling roaring v0.11.5
   Compiling pack1 v1.1.0
   Compiling twox-hash v2.1.4
   Compiling prost v0.14.4
   Compiling polling v3.11.0
   Compiling rapidhash v4.5.1
   Compiling bumpalo v3.20.3
   Compiling atomic-waker v1.1.2
   Compiling fixedbitset v0.5.7
   Compiling allocator-api2 v0.4.0
   Compiling cfg_block v0.1.1
   Compiling hex v0.4.3
   Compiling rustls v0.22.4
   Compiling aws-lc-rs v1.18.1
   Compiling pastey v0.2.3
   Compiling h2 v0.4.19
   Compiling rustls-webpki v0.102.8
   Compiling http-body v0.4.6
   Compiling prost v0.12.6
   Compiling libmimalloc-sys v0.1.49
   Compiling block-buffer v0.10.4
   Compiling core-foundation v0.9.4
   Compiling security-framework-sys v2.17.0
   Compiling core-foundation v0.10.1
   Compiling indexmap v1.9.3
   Compiling sync_wrapper v1.0.2
   Compiling env_filter v2.0.0
   Compiling native-tls v0.2.18
   Compiling zstd v0.13.3
   Compiling thiserror v1.0.69
   Compiling symlink v0.1.0
   Compiling genawaiter-macro v0.99.1
   Compiling fixedbitset v0.4.2
   Compiling genawaiter v0.99.1
   Compiling tantivy-sstable v0.7.0
   Compiling petgraph v0.6.5
   Compiling tracing-appender v0.2.5
   Compiling turso_sdk_kit v0.7.2
   Compiling tantivy-columnar v0.7.0
   Compiling env_logger v0.11.11
   Compiling security-framework v3.7.0
   Compiling system-configuration v0.7.0
   Compiling prost-types v0.12.6
   Compiling digest v0.10.7
   Compiling h2 v0.3.27
   Compiling http-body-util v0.1.5
   Compiling tantivy v0.26.1
   Compiling hyper v1.11.1
   Compiling turso_sdk_kit_macros v0.7.2
   Compiling pin-project-internal v1.1.13
   Compiling thiserror-impl v1.0.69
   Compiling axum-core v0.3.4
   Compiling socket2 v0.5.10
   Compiling ipnet v2.12.1
   Compiling hashbrown v0.12.3
   Compiling matchit v0.7.3
   Compiling vcpkg v0.2.15
   Compiling hyper-util v0.1.20
   Compiling pin-project v1.1.13
   Compiling libsqlite3-sys v0.38.2
   Compiling prost-types v0.14.4
   Compiling hyper v0.14.32
   Compiling prost-build v0.12.6
   Compiling sha1 v0.10.7
   Compiling tower v0.5.3
   Compiling petgraph v0.8.3
   Compiling webpki-roots v1.0.9
   Compiling axum v0.6.20
   Compiling rustls v0.23.43
   Compiling data-encoding v2.11.1
   Compiling utf-8 v0.7.6
   Compiling webpki-roots v0.26.11
   Compiling tonic-build v0.11.0
   Compiling tokio-native-tls v0.3.1
   Compiling tungstenite v0.21.0
   Compiling prost-build v0.14.4
   Compiling tower v0.4.13
   Compiling mimalloc v0.1.52
   Compiling tokio-rustls v0.25.0
   Compiling serde_urlencoded v0.7.1
   Compiling tokio-io-timeout v1.2.1
   Compiling async-stream-impl v0.3.6
   Compiling bitflags v1.3.2
   Compiling sync_wrapper v0.1.2
   Compiling tokio-tungstenite v0.21.0
   Compiling async-stream v0.3.6
   Compiling hyper-timeout v0.4.1
   Compiling youtube-adapter-rs v0.1.0 (/Users/insert/Cockatiel/modules/youtube-adapter-rs)
   Compiling hyper-tls v0.6.0
   Compiling tower-http v0.6.11
   Compiling cockatiel_local_server v0.1.0 (/Users/insert/Cockatiel/cockatiel-engine)
   Compiling axum-core v0.4.5
   Compiling simple_asn1 v0.6.4
   Compiling tokio-stream v0.1.19
   Compiling pem v3.0.6
   Compiling hashlink v0.12.1
   Compiling serde_path_to_error v0.1.20
   Compiling encoding_rs v0.8.35
   Compiling fallible-streaming-iterator v0.1.9
   Compiling signature v2.2.0
   Compiling base64 v0.21.7
   Compiling jsonwebtoken v11.0.0
   Compiling axum v0.7.9
   Compiling rusqlite v0.40.2
   Compiling tonic v0.11.0
   Compiling reqwest v0.12.28
   Compiling colored v3.1.1
error[E0080]: compilation was interrupted
 --> /rustc/8bab26f4f68e0e26f0bb7960be334d5b520ea452/library/core/src/mem/mod.rs:1379:24
  |
  = note: evaluation of `<prost::alloc::sync::ArcInner<std::sync::Mutex<std::option::Option<tower::buffer::error::ServiceError>>> as std::mem::SizedTypeProperties>::SIZE` failed here

note: the above error was encountered while instantiating `fn Box::<prost::alloc::sync::ArcInner<std::sync::Mutex<Option<ServiceError>>>>::new`
 --> /rustc/8bab26f4f68e0e26f0bb7960be334d5b520ea452/library/alloc/src/sync.rs:427:24

error[E0080]: compilation was interrupted
 --> /rustc/8bab26f4f68e0e26f0bb7960be334d5b520ea452/library/core/src/panic.rs:57:41
  |
  = note: evaluation of `std::sync::Arc::<tokio::sync::Semaphore>::downgrade` failed here
 --> /rustc/8bab26f4f68e0e26f0bb7960be334d5b520ea452/library/alloc/src/sync.rs:1953:12
  |
  = note: in this macro invocation

note: the above error was encountered while instantiating `fn Arc::<Semaphore>::downgrade`
  --> /Users/insert/.cargo/registry/src/index.crates.io-1949cf8c6b5b557f/tower-0.4.13/src/buffer/worker.rs:81:25
   |
81 |         let semaphore = Arc::downgrade(semaphore);
   |                         ^^^^^^^^^^^^^^^^^^^^^^^^^

error[E0080]: compilation was interrupted
 --> /rustc/8bab26f4f68e0e26f0bb7960be334d5b520ea452/library/core/src/mem/mod.rs:1379:24
  |
  = note: evaluation of `<tower::buffer::worker::Worker<tower::util::Either<transport::service::connection::Connection, tower::util::BoxService<http::Request<http_body::combinators::UnsyncBoxBody<bytes::Bytes, status::Status>>, http::Response<hyper::Body>, std::boxed::Box<dyn std::error::Error + std::marker::Send + std::marker::Sync>>>, http::Request<http_body::combinators::UnsyncBoxBody<bytes::Bytes, status::Status>>> as std::mem::SizedTypeProperties>::SIZE` failed here

note: the above error was encountered while instantiating `fn Box::<Worker<Either<Connection, ...>, ...>>::new`
 --> /rustc/8bab26f4f68e0e26f0bb7960be334d5b520ea452/library/alloc/src/boxed.rs:356:8
  |
  = note: the full name for the type has been written to '/Users/insert/Cockatiel/target/debug/deps/tonic-d903f3f35ee752c8.long-type-11194446009010757251.txt'
  = note: consider using `--verbose` to print the full type name to the console

error[E0080]: compilation was interrupted
    --> /Users/insert/.cargo/registry/src/index.crates.io-1949cf8c6b5b557f/tracing-0.1.44/src/macros.rs:1579:13
     |
1579 |             $crate::Level::TRACE,
     |             ^^^^^^^^^^^^^^^^^^^^ evaluation of `<tower::buffer::worker::Worker<tower::util::Either<transport::service::connection::Connection, tower::util::BoxService<http::Request<http_body::combinators::UnsyncBoxBody<bytes::Bytes, status::Status>>, http::Response<hyper::Body>, std::boxed::Box<dyn std::error::Error + std::marker::Send + std::marker::Sync>>>, http::Request<http_body::combinators::UnsyncBoxBody<bytes::Bytes, status::Status>>> as std::future::Future>::poll` failed here
     |
    ::: /Users/insert/.cargo/registry/src/index.crates.io-1949cf8c6b5b557f/tower-0.4.13/src/buffer/worker.rs:185:25
     |
 185 |                         tracing::trace!("notifying caller about worker failure");
     |                         -------------------------------------------------------- in this macro invocation
     |
     = note: this error originates in the macro `tracing::trace` (in Nightly builds, run with -Z macro-backtrace for more info)

error[E0080]: compilation was interrupted
    --> /Users/insert/.cargo/registry/src/index.crates.io-1949cf8c6b5b557f/tracing-0.1.44/src/macros.rs:2807:17
     |
2807 |         $lvl <= $crate::level_filters::STATIC_MAX_LEVEL
     |                 ^^^^^^^^^^^^^^^^^^^^^^^^^^^^^^^^^^^^^^^ evaluation of `<tower::buffer::worker::Worker<tower::util::Either<transport::service::connection::Connection, tower::util::BoxService<http::Request<http_body::combinators::UnsyncBoxBody<bytes::Bytes, status::Status>>, http::Response<hyper::Body>, std::boxed::Box<dyn std::error::Error + std::marker::Send + std::marker::Sync>>>, http::Request<http_body::combinators::UnsyncBoxBody<bytes::Bytes, status::Status>>> as std::future::Future>::poll` failed here
     |
    ::: /Users/insert/.cargo/registry/src/index.crates.io-1949cf8c6b5b557f/tower-0.4.13/src/buffer/worker.rs:185:25
     |
 185 |                         tracing::trace!("notifying caller about worker failure");
     |                         -------------------------------------------------------- in this macro invocation
     |
     = note: this error originates in the macro `$crate::level_enabled` which comes from the expansion of the macro `tracing::trace` (in Nightly builds, run with -Z macro-backtrace for more info)

error[E0080]: compilation was interrupted
   --> /Users/insert/.cargo/registry/src/index.crates.io-1949cf8c6b5b557f/tracing-0.1.44/src/macros.rs:902:13
    |
902 | /             (|value_set: $crate::field::ValueSet| {
903 | |                 let meta = __CALLSITE.metadata();
904 | |                 // event with contextual parent
905 | |                 $crate::Event::dispatch(
...   |
913 | |                 );
914 | |             })($crate::valueset_all!(__CALLSITE.metadata().fields(), $($fields)*));
    | |______________^ evaluation of `<tower::buffer::worker::Worker<tower::util::Either<transport::service::connection::Connection, tower::util::BoxService<http::Request<http_body::combinators::UnsyncBoxBody<bytes::Bytes, status::Status>>, http::Response<hyper::Body>, std::boxed::Box<dyn std::error::Error + std::marker::Send + std::marker::Sync>>>, http::Request<http_body::combinators::UnsyncBoxBody<bytes::Bytes, status::Status>>> as std::future::Future>::poll` failed here
    |
   ::: /Users/insert/.cargo/registry/src/index.crates.io-1949cf8c6b5b557f/tower-0.4.13/src/buffer/worker.rs:185:25
    |
185 |                           tracing::trace!("notifying caller about worker failure");
    |                           -------------------------------------------------------- in this macro invocation
    |
    = note: this error originates in the macro `$crate::event` which comes from the expansion of the macro `tracing::trace` (in Nightly builds, run with -Z macro-backtrace for more info)

error[E0080]: compilation was interrupted
    --> /Users/insert/.cargo/registry/src/index.crates.io-1949cf8c6b5b557f/tracing-0.1.44/src/macros.rs:3312:43
     |
3312 |         if $crate::level_to_log!($lvl) <= $crate::log::STATIC_MAX_LEVEL {
     |                                           ^^^^^^^^^^^^^^^^^^^^^^^^^^^^^ evaluation of `<tower::buffer::worker::Worker<tower::util::Either<transport::service::connection::Connection, tower::util::BoxService<http::Request<http_body::combinators::UnsyncBoxBody<bytes::Bytes, status::Status>>, http::Response<hyper::Body>, std::boxed::Box<dyn std::error::Error + std::marker::Send + std::marker::Sync>>>, http::Request<http_body::combinators::UnsyncBoxBody<bytes::Bytes, status::Status>>> as std::future::Future>::poll` failed here
     |
    ::: /Users/insert/.cargo/registry/src/index.crates.io-1949cf8c6b5b557f/tower-0.4.13/src/buffer/worker.rs:185:25
     |
 185 |                         tracing::trace!("notifying caller about worker failure");
     |                         -------------------------------------------------------- in this macro invocation
     |
     = note: this error originates in the macro `$crate::if_log_enabled` which comes from the expansion of the macro `tracing::trace` (in Nightly builds, run with -Z macro-backtrace for more info)

error[E0080]: compilation was interrupted
    --> /Users/insert/.cargo/registry/src/index.crates.io-1949cf8c6b5b557f/tracing-0.1.44/src/macros.rs:1516:13
     |
1516 |               $crate::Level::TRACE,
     |               ^^^^^^^^^^^^^^^^^^^^ evaluation of `<tower::buffer::worker::Worker<tower::util::Either<transport::service::connection::Connection, tower::util::BoxService<http::Request<http_body::combinators::UnsyncBoxBody<bytes::Bytes, status::Status>>, http::Response<hyper::Body>, std::boxed::Box<dyn std::error::Error + std::marker::Send + std::marker::Sync>>>, http::Request<http_body::combinators::UnsyncBoxBody<bytes::Bytes, status::Status>>> as std::future::Future>::poll` failed here
     |
    ::: /Users/insert/.cargo/registry/src/index.crates.io-1949cf8c6b5b557f/tower-0.4.13/src/buffer/worker.rs:191:21
     |
 191 | /                     tracing::trace!(
 192 | |                         resumed = !first,
 193 | |                         message = "worker received request; waiting for service readiness"
 194 | |                     );
     | |_____________________- in this macro invocation
     |
     = note: this error originates in the macro `tracing::trace` (in Nightly builds, run with -Z macro-backtrace for more info)

error[E0080]: compilation was interrupted
    --> /Users/insert/.cargo/registry/src/index.crates.io-1949cf8c6b5b557f/tracing-0.1.44/src/macros.rs:2807:17
     |
2807 |           $lvl <= $crate::level_filters::STATIC_MAX_LEVEL
     |                   ^^^^^^^^^^^^^^^^^^^^^^^^^^^^^^^^^^^^^^^ evaluation of `<tower::buffer::worker::Worker<tower::util::Either<transport::service::connection::Connection, tower::util::BoxService<http::Request<http_body::combinators::UnsyncBoxBody<bytes::Bytes, status::Status>>, http::Response<hyper::Body>, std::boxed::Box<dyn std::error::Error + std::marker::Send + std::marker::Sync>>>, http::Request<http_body::combinators::UnsyncBoxBody<bytes::Bytes, status::Status>>> as std::future::Future>::poll` failed here
     |
    ::: /Users/insert/.cargo/registry/src/index.crates.io-1949cf8c6b5b557f/tower-0.4.13/src/buffer/worker.rs:191:21
     |
 191 | /                     tracing::trace!(
 192 | |                         resumed = !first,
 193 | |                         message = "worker received request; waiting for service readiness"
 194 | |                     );
     | |_____________________- in this macro invocation
     |
     = note: this error originates in the macro `$crate::level_enabled` which comes from the expansion of the macro `tracing::trace` (in Nightly builds, run with -Z macro-backtrace for more info)

error[E0080]: compilation was interrupted
   --> /Users/insert/.cargo/registry/src/index.crates.io-1949cf8c6b5b557f/tracing-0.1.44/src/macros.rs:902:13
    |
902 | /             (|value_set: $crate::field::ValueSet| {
903 | |                 let meta = __CALLSITE.metadata();
904 | |                 // event with contextual parent
905 | |                 $crate::Event::dispatch(
...   |
913 | |                 );
914 | |             })($crate::valueset_all!(__CALLSITE.metadata().fields(), $($fields)*));
    | |______________^ evaluation of `<tower::buffer::worker::Worker<tower::util::Either<transport::service::connection::Connection, tower::util::BoxService<http::Request<http_body::combinators::UnsyncBoxBody<bytes::Bytes, status::Status>>, http::Response<hyper::Body>, std::boxed::Box<dyn std::error::Error + std::marker::Send + std::marker::Sync>>>, http::Request<http_body::combinators::UnsyncBoxBody<bytes::Bytes, status::Status>>> as std::future::Future>::poll` failed here
    |
   ::: /Users/insert/.cargo/registry/src/index.crates.io-1949cf8c6b5b557f/tower-0.4.13/src/buffer/worker.rs:191:21
    |
191 | /                     tracing::trace!(
192 | |                         resumed = !first,
193 | |                         message = "worker received request; waiting for service readiness"
194 | |                     );
    | |_____________________- in this macro invocation
    |
    = note: this error originates in the macro `$crate::event` which comes from the expansion of the macro `tracing::trace` (in Nightly builds, run with -Z macro-backtrace for more info)

error[E0080]: compilation was interrupted
    --> /Users/insert/.cargo/registry/src/index.crates.io-1949cf8c6b5b557f/tracing-0.1.44/src/macros.rs:2876:67
     |
2876 |               @ { $($out),*, ($crate::__macro_support::Option::Some(&$val as &dyn $crate::field::Value)) },
     |                                                                     ^^^^^ evaluation of `<tower::buffer::worker::Worker<tower::util::Either<transport::service::connection::Connection, tower::util::BoxService<http::Request<http_body::combinators::UnsyncBoxBody<bytes::Bytes, status::Status>>, http::Response<hyper::Body>, std::boxed::Box<dyn std::error::Error + std::marker::Send + std::marker::Sync>>>, http::Request<http_body::combinators::UnsyncBoxBody<bytes::Bytes, status::Status>>> as std::future::Future>::poll` failed here
     |
    ::: /Users/insert/.cargo/registry/src/index.crates.io-1949cf8c6b5b557f/tower-0.4.13/src/buffer/worker.rs:191:21
     |
 191 | /                     tracing::trace!(
 192 | |                         resumed = !first,
 193 | |                         message = "worker received request; waiting for service readiness"
 194 | |                     );
     | |_____________________- in this macro invocation
     |
     = note: this error originates in the macro `$crate::valueset_all` which comes from the expansion of the macro `tracing::trace` (in Nightly builds, run with -Z macro-backtrace for more info)

error[E0080]: compilation was interrupted
    --> /Users/insert/.cargo/registry/src/index.crates.io-1949cf8c6b5b557f/tracing-0.1.44/src/macros.rs:3312:43
     |
3312 |           if $crate::level_to_log!($lvl) <= $crate::log::STATIC_MAX_LEVEL {
     |                                             ^^^^^^^^^^^^^^^^^^^^^^^^^^^^^ evaluation of `<tower::buffer::worker::Worker<tower::util::Either<transport::service::connection::Connection, tower::util::BoxService<http::Request<http_body::combinators::UnsyncBoxBody<bytes::Bytes, status::Status>>, http::Response<hyper::Body>, std::boxed::Box<dyn std::error::Error + std::marker::Send + std::marker::Sync>>>, http::Request<http_body::combinators::UnsyncBoxBody<bytes::Bytes, status::Status>>> as std::future::Future>::poll` failed here
     |
    ::: /Users/insert/.cargo/registry/src/index.crates.io-1949cf8c6b5b557f/tower-0.4.13/src/buffer/worker.rs:191:21
     |
 191 | /                     tracing::trace!(
 192 | |                         resumed = !first,
 193 | |                         message = "worker received request; waiting for service readiness"
 194 | |                     );
     | |_____________________- in this macro invocation
     |
     = note: this error originates in the macro `$crate::if_log_enabled` which comes from the expansion of the macro `tracing::trace` (in Nightly builds, run with -Z macro-backtrace for more info)

error[E0080]: compilation was interrupted
    --> /Users/insert/.cargo/registry/src/index.crates.io-1949cf8c6b5b557f/tracing-0.1.44/src/macros.rs:1516:13
     |
1516 |             $crate::Level::TRACE,
     |             ^^^^^^^^^^^^^^^^^^^^ evaluation of `<tower::buffer::worker::Worker<tower::util::Either<transport::service::connection::Connection, tower::util::BoxService<http::Request<http_body::combinators::UnsyncBoxBody<bytes::Bytes, status::Status>>, http::Response<hyper::Body>, std::boxed::Box<dyn std::error::Error + std::marker::Send + std::marker::Sync>>>, http::Request<http_body::combinators::UnsyncBoxBody<bytes::Bytes, status::Status>>> as std::future::Future>::poll` failed here
     |
    ::: /Users/insert/.cargo/registry/src/index.crates.io-1949cf8c6b5b557f/tower-0.4.13/src/buffer/worker.rs:208:29
     |
 208 | ...                   tracing::trace!(service.ready = false, message = "delay");
     |                       --------------------------------------------------------- in this macro invocation
     |
     = note: this error originates in the macro `tracing::trace` (in Nightly builds, run with -Z macro-backtrace for more info)

error[E0080]: compilation was interrupted
    --> /Users/insert/.cargo/registry/src/index.crates.io-1949cf8c6b5b557f/tracing-0.1.44/src/macros.rs:2807:17
     |
2807 |         $lvl <= $crate::level_filters::STATIC_MAX_LEVEL
     |                 ^^^^^^^^^^^^^^^^^^^^^^^^^^^^^^^^^^^^^^^ evaluation of `<tower::buffer::worker::Worker<tower::util::Either<transport::service::connection::Connection, tower::util::BoxService<http::Request<http_body::combinators::UnsyncBoxBody<bytes::Bytes, status::Status>>, http::Response<hyper::Body>, std::boxed::Box<dyn std::error::Error + std::marker::Send + std::marker::Sync>>>, http::Request<http_body::combinators::UnsyncBoxBody<bytes::Bytes, status::Status>>> as std::future::Future>::poll` failed here
     |
    ::: /Users/insert/.cargo/registry/src/index.crates.io-1949cf8c6b5b557f/tower-0.4.13/src/buffer/worker.rs:208:29
     |
 208 | ...                   tracing::trace!(service.ready = false, message = "delay");
     |                       --------------------------------------------------------- in this macro invocation
     |
     = note: this error originates in the macro `$crate::level_enabled` which comes from the expansion of the macro `tracing::trace` (in Nightly builds, run with -Z macro-backtrace for more info)

error[E0080]: compilation was interrupted
    --> /Users/insert/.cargo/registry/src/index.crates.io-1949cf8c6b5b557f/tracing-0.1.44/src/macros.rs:1792:13
     |
1792 |             $crate::Level::DEBUG,
     |             ^^^^^^^^^^^^^^^^^^^^ evaluation of `<tower::buffer::worker::Worker<tower::util::Either<transport::service::connection::Connection, tower::util::BoxService<http::Request<http_body::combinators::UnsyncBoxBody<bytes::Bytes, status::Status>>, http::Response<hyper::Body>, std::boxed::Box<dyn std::error::Error + std::marker::Send + std::marker::Sync>>>, http::Request<http_body::combinators::UnsyncBoxBody<bytes::Bytes, status::Status>>> as std::future::Future>::poll` failed here
     |
    ::: /Users/insert/.cargo/registry/src/index.crates.io-1949cf8c6b5b557f/tower-0.4.13/src/buffer/worker.rs:197:29
     |
 197 | ...                   tracing::debug!(service.ready = true, message = "processing request");
     |                       --------------------------------------------------------------------- in this macro invocation
     |
     = note: this error originates in the macro `tracing::debug` (in Nightly builds, run with -Z macro-backtrace for more info)

error[E0080]: compilation was interrupted
    --> /Users/insert/.cargo/registry/src/index.crates.io-1949cf8c6b5b557f/tracing-0.1.44/src/macros.rs:2807:17
     |
2807 |         $lvl <= $crate::level_filters::STATIC_MAX_LEVEL
     |                 ^^^^^^^^^^^^^^^^^^^^^^^^^^^^^^^^^^^^^^^ evaluation of `<tower::buffer::worker::Worker<tower::util::Either<transport::service::connection::Connection, tower::util::BoxService<http::Request<http_body::combinators::UnsyncBoxBody<bytes::Bytes, status::Status>>, http::Response<hyper::Body>, std::boxed::Box<dyn std::error::Error + std::marker::Send + std::marker::Sync>>>, http::Request<http_body::combinators::UnsyncBoxBody<bytes::Bytes, status::Status>>> as std::future::Future>::poll` failed here
     |
    ::: /Users/insert/.cargo/registry/src/index.crates.io-1949cf8c6b5b557f/tower-0.4.13/src/buffer/worker.rs:197:29
     |
 197 | ...                   tracing::debug!(service.ready = true, message = "processing request");
     |                       --------------------------------------------------------------------- in this macro invocation
     |
     = note: this error originates in the macro `$crate::level_enabled` which comes from the expansion of the macro `tracing::debug` (in Nightly builds, run with -Z macro-backtrace for more info)

error[E0080]: compilation was interrupted
   --> /Users/insert/.cargo/registry/src/index.crates.io-1949cf8c6b5b557f/tracing-0.1.44/src/macros.rs:902:13
    |
902 | /             (|value_set: $crate::field::ValueSet| {
903 | |                 let meta = __CALLSITE.metadata();
904 | |                 // event with contextual parent
905 | |                 $crate::Event::dispatch(
...   |
913 | |                 );
914 | |             })($crate::valueset_all!(__CALLSITE.metadata().fields(), $($fields)*));
    | |______________^ evaluation of `<tower::buffer::worker::Worker<tower::util::Either<transport::service::connection::Connection, tower::util::BoxService<http::Request<http_body::combinators::UnsyncBoxBody<bytes::Bytes, status::Status>>, http::Response<hyper::Body>, std::boxed::Box<dyn std::error::Error + std::marker::Send + std::marker::Sync>>>, http::Request<http_body::combinators::UnsyncBoxBody<bytes::Bytes, status::Status>>> as std::future::Future>::poll` failed here
    |
   ::: /Users/insert/.cargo/registry/src/index.crates.io-1949cf8c6b5b557f/tower-0.4.13/src/buffer/worker.rs:197:29
    |
197 |   ...                   tracing::debug!(service.ready = true, message = "processing request");
    |                         --------------------------------------------------------------------- in this macro invocation
    |
    = note: this error originates in the macro `$crate::event` which comes from the expansion of the macro `tracing::debug` (in Nightly builds, run with -Z macro-backtrace for more info)

error[E0080]: compilation was interrupted
    --> /Users/insert/.cargo/registry/src/index.crates.io-1949cf8c6b5b557f/tracing-0.1.44/src/macros.rs:2842:67
     |
2842 |             @ { $($out),*, ($crate::__macro_support::Option::Some(&$val as &dyn $crate::field::Value)) },
     |                                                                   ^^^^^ evaluation of `<tower::buffer::worker::Worker<tower::util::Either<transport::service::connection::Connection, tower::util::BoxService<http::Request<http_body::combinators::UnsyncBoxBody<bytes::Bytes, status::Status>>, http::Response<hyper::Body>, std::boxed::Box<dyn std::error::Error + std::marker::Send + std::marker::Sync>>>, http::Request<http_body::combinators::UnsyncBoxBody<bytes::Bytes, status::Status>>> as std::future::Future>::poll` failed here
     |
    ::: /Users/insert/.cargo/registry/src/index.crates.io-1949cf8c6b5b557f/tower-0.4.13/src/buffer/worker.rs:197:29
     |
 197 | ...                   tracing::debug!(service.ready = true, message = "processing request");
     |                       --------------------------------------------------------------------- in this macro invocation
     |
     = note: this error originates in the macro `$crate::valueset_all` which comes from the expansion of the macro `tracing::debug` (in Nightly builds, run with -Z macro-backtrace for more info)

error[E0080]: compilation was interrupted
    --> /Users/insert/.cargo/registry/src/index.crates.io-1949cf8c6b5b557f/tracing-0.1.44/src/macros.rs:3312:43
     |
3312 |         if $crate::level_to_log!($lvl) <= $crate::log::STATIC_MAX_LEVEL {
     |                                           ^^^^^^^^^^^^^^^^^^^^^^^^^^^^^ evaluation of `<tower::buffer::worker::Worker<tower::util::Either<transport::service::connection::Connection, tower::util::BoxService<http::Request<http_body::combinators::UnsyncBoxBody<bytes::Bytes, status::Status>>, http::Response<hyper::Body>, std::boxed::Box<dyn std::error::Error + std::marker::Send + std::marker::Sync>>>, http::Request<http_body::combinators::UnsyncBoxBody<bytes::Bytes, status::Status>>> as std::future::Future>::poll` failed here
     |
    ::: /Users/insert/.cargo/registry/src/index.crates.io-1949cf8c6b5b557f/tower-0.4.13/src/buffer/worker.rs:197:29
     |
 197 | ...                   tracing::debug!(service.ready = true, message = "processing request");
     |                       --------------------------------------------------------------------- in this macro invocation
     |
     = note: this error originates in the macro `$crate::if_log_enabled` which comes from the expansion of the macro `tracing::debug` (in Nightly builds, run with -Z macro-backtrace for more info)

error[E0080]: compilation was interrupted
    --> /Users/insert/.cargo/registry/src/index.crates.io-1949cf8c6b5b557f/tracing-0.1.44/src/macros.rs:1579:13
     |
1579 |             $crate::Level::TRACE,
     |             ^^^^^^^^^^^^^^^^^^^^ evaluation of `<tower::buffer::worker::Worker<tower::util::Either<transport::service::connection::Connection, tower::util::BoxService<http::Request<http_body::combinators::UnsyncBoxBody<bytes::Bytes, status::Status>>, http::Response<hyper::Body>, std::boxed::Box<dyn std::error::Error + std::marker::Send + std::marker::Sync>>>, http::Request<http_body::combinators::UnsyncBoxBody<bytes::Bytes, status::Status>>> as std::future::Future>::poll` failed here
     |
    ::: /Users/insert/.cargo/registry/src/index.crates.io-1949cf8c6b5b557f/tower-0.4.13/src/buffer/worker.rs:204:29
     |
 204 | ...                   tracing::trace!("returning response future");
     |                       -------------------------------------------- in this macro invocation
     |
     = note: this error originates in the macro `tracing::trace` (in Nightly builds, run with -Z macro-backtrace for more info)

error[E0080]: compilation was interrupted
    --> /Users/insert/.cargo/registry/src/index.crates.io-1949cf8c6b5b557f/tracing-0.1.44/src/macros.rs:2807:17
     |
2807 |         $lvl <= $crate::level_filters::STATIC_MAX_LEVEL
     |                 ^^^^^^^^^^^^^^^^^^^^^^^^^^^^^^^^^^^^^^^ evaluation of `<tower::buffer::worker::Worker<tower::util::Either<transport::service::connection::Connection, tower::util::BoxService<http::Request<http_body::combinators::UnsyncBoxBody<bytes::Bytes, status::Status>>, http::Response<hyper::Body>, std::boxed::Box<dyn std::error::Error + std::marker::Send + std::marker::Sync>>>, http::Request<http_body::combinators::UnsyncBoxBody<bytes::Bytes, status::Status>>> as std::future::Future>::poll` failed here
     |
    ::: /Users/insert/.cargo/registry/src/index.crates.io-1949cf8c6b5b557f/tower-0.4.13/src/buffer/worker.rs:204:29
     |
 204 | ...                   tracing::trace!("returning response future");
     |                       -------------------------------------------- in this macro invocation
     |
     = note: this error originates in the macro `$crate::level_enabled` which comes from the expansion of the macro `tracing::trace` (in Nightly builds, run with -Z macro-backtrace for more info)

error[E0080]: compilation was interrupted
   --> /Users/insert/.cargo/registry/src/index.crates.io-1949cf8c6b5b557f/tracing-0.1.44/src/macros.rs:902:13
    |
902 | /             (|value_set: $crate::field::ValueSet| {
903 | |                 let meta = __CALLSITE.metadata();
904 | |                 // event with contextual parent
905 | |                 $crate::Event::dispatch(
...   |
913 | |                 );
914 | |             })($crate::valueset_all!(__CALLSITE.metadata().fields(), $($fields)*));
    | |______________^ evaluation of `<tower::buffer::worker::Worker<tower::util::Either<transport::service::connection::Connection, tower::util::BoxService<http::Request<http_body::combinators::UnsyncBoxBody<bytes::Bytes, status::Status>>, http::Response<hyper::Body>, std::boxed::Box<dyn std::error::Error + std::marker::Send + std::marker::Sync>>>, http::Request<http_body::combinators::UnsyncBoxBody<bytes::Bytes, status::Status>>> as std::future::Future>::poll` failed here
    |
   ::: /Users/insert/.cargo/registry/src/index.crates.io-1949cf8c6b5b557f/tower-0.4.13/src/buffer/worker.rs:204:29
    |
204 |   ...                   tracing::trace!("returning response future");
    |                         -------------------------------------------- in this macro invocation
    |
    = note: this error originates in the macro `$crate::event` which comes from the expansion of the macro `tracing::trace` (in Nightly builds, run with -Z macro-backtrace for more info)

error[E0080]: compilation was interrupted
    --> /Users/insert/.cargo/registry/src/index.crates.io-1949cf8c6b5b557f/tracing-0.1.44/src/macros.rs:3312:43
     |
3312 |         if $crate::level_to_log!($lvl) <= $crate::log::STATIC_MAX_LEVEL {
     |                                           ^^^^^^^^^^^^^^^^^^^^^^^^^^^^^ evaluation of `<tower::buffer::worker::Worker<tower::util::Either<transport::service::connection::Connection, tower::util::BoxService<http::Request<http_body::combinators::UnsyncBoxBody<bytes::Bytes, status::Status>>, http::Response<hyper::Body>, std::boxed::Box<dyn std::error::Error + std::marker::Send + std::marker::Sync>>>, http::Request<http_body::combinators::UnsyncBoxBody<bytes::Bytes, status::Status>>> as std::future::Future>::poll` failed here
     |
    ::: /Users/insert/.cargo/registry/src/index.crates.io-1949cf8c6b5b557f/tower-0.4.13/src/buffer/worker.rs:204:29
     |
 204 | ...                   tracing::trace!("returning response future");
     |                       -------------------------------------------- in this macro invocation
     |
     = note: this error originates in the macro `$crate::if_log_enabled` which comes from the expansion of the macro `tracing::trace` (in Nightly builds, run with -Z macro-backtrace for more info)

error[E0080]: compilation was interrupted
   --> /Users/insert/.cargo/registry/src/index.crates.io-1949cf8c6b5b557f/tracing-0.1.44/src/macros.rs:902:13
    |
902 | /             (|value_set: $crate::field::ValueSet| {
903 | |                 let meta = __CALLSITE.metadata();
904 | |                 // event with contextual parent
905 | |                 $crate::Event::dispatch(
...   |
913 | |                 );
914 | |             })($crate::valueset_all!(__CALLSITE.metadata().fields(), $($fields)*));
    | |______________^ evaluation of `<tower::buffer::worker::Worker<tower::util::Either<transport::service::connection::Connection, tower::util::BoxService<http::Request<http_body::combinators::UnsyncBoxBody<bytes::Bytes, status::Status>>, http::Response<hyper::Body>, std::boxed::Box<dyn std::error::Error + std::marker::Send + std::marker::Sync>>>, http::Request<http_body::combinators::UnsyncBoxBody<bytes::Bytes, status::Status>>> as std::future::Future>::poll` failed here
    |
   ::: /Users/insert/.cargo/registry/src/index.crates.io-1949cf8c6b5b557f/tower-0.4.13/src/buffer/worker.rs:208:29
    |
208 |   ...                   tracing::trace!(service.ready = false, message = "delay");
    |                         --------------------------------------------------------- in this macro invocation
    |
    = note: this error originates in the macro `$crate::event` which comes from the expansion of the macro `tracing::trace` (in Nightly builds, run with -Z macro-backtrace for more info)

error[E0080]: compilation was interrupted
    --> /Users/insert/.cargo/registry/src/index.crates.io-1949cf8c6b5b557f/tracing-0.1.44/src/macros.rs:2842:67
     |
2842 |             @ { $($out),*, ($crate::__macro_support::Option::Some(&$val as &dyn $crate::field::Value)) },
     |                                                                   ^^^^^ evaluation of `<tower::buffer::worker::Worker<tower::util::Either<transport::service::connection::Connection, tower::util::BoxService<http::Request<http_body::combinators::UnsyncBoxBody<bytes::Bytes, status::Status>>, http::Response<hyper::Body>, std::boxed::Box<dyn std::error::Error + std::marker::Send + std::marker::Sync>>>, http::Request<http_body::combinators::UnsyncBoxBody<bytes::Bytes, status::Status>>> as std::future::Future>::poll` failed here
     |
    ::: /Users/insert/.cargo/registry/src/index.crates.io-1949cf8c6b5b557f/tower-0.4.13/src/buffer/worker.rs:208:29
     |
 208 | ...                   tracing::trace!(service.ready = false, message = "delay");
     |                       --------------------------------------------------------- in this macro invocation
     |
     = note: this error originates in the macro `$crate::valueset_all` which comes from the expansion of the macro `tracing::trace` (in Nightly builds, run with -Z macro-backtrace for more info)

error[E0080]: compilation was interrupted
    --> /Users/insert/.cargo/registry/src/index.crates.io-1949cf8c6b5b557f/tracing-0.1.44/src/macros.rs:3312:43
     |
3312 |         if $crate::level_to_log!($lvl) <= $crate::log::STATIC_MAX_LEVEL {
     |                                           ^^^^^^^^^^^^^^^^^^^^^^^^^^^^^ evaluation of `<tower::buffer::worker::Worker<tower::util::Either<transport::service::connection::Connection, tower::util::BoxService<http::Request<http_body::combinators::UnsyncBoxBody<bytes::Bytes, status::Status>>, http::Response<hyper::Body>, std::boxed::Box<dyn std::error::Error + std::marker::Send + std::marker::Sync>>>, http::Request<http_body::combinators::UnsyncBoxBody<bytes::Bytes, status::Status>>> as std::future::Future>::poll` failed here
     |
    ::: /Users/insert/.cargo/registry/src/index.crates.io-1949cf8c6b5b557f/tower-0.4.13/src/buffer/worker.rs:208:29
     |
 208 | ...                   tracing::trace!(service.ready = false, message = "delay");
     |                       --------------------------------------------------------- in this macro invocation
     |
     = note: this error originates in the macro `$crate::if_log_enabled` which comes from the expansion of the macro `tracing::trace` (in Nightly builds, run with -Z macro-backtrace for more info)

error[E0080]: compilation was interrupted
    --> /Users/insert/.cargo/registry/src/index.crates.io-1949cf8c6b5b557f/tracing-0.1.44/src/macros.rs:1784:13
     |
1784 |             $crate::Level::DEBUG,
     |             ^^^^^^^^^^^^^^^^^^^^ evaluation of `<tower::buffer::worker::Worker<tower::util::Either<transport::service::connection::Connection, tower::util::BoxService<http::Request<http_body::combinators::UnsyncBoxBody<bytes::Bytes, status::Status>>, http::Response<hyper::Body>, std::boxed::Box<dyn std::error::Error + std::marker::Send + std::marker::Sync>>>, http::Request<http_body::combinators::UnsyncBoxBody<bytes::Bytes, status::Status>>> as std::future::Future>::poll` failed here
     |
    ::: /Users/insert/.cargo/registry/src/index.crates.io-1949cf8c6b5b557f/tower-0.4.13/src/buffer/worker.rs:216:29
     |
 216 | ...                   tracing::debug!({ %error }, "service failed");
     |                       --------------------------------------------- in this macro invocation
     |
     = note: this error originates in the macro `tracing::debug` (in Nightly builds, run with -Z macro-backtrace for more info)

error[E0080]: compilation was interrupted
    --> /Users/insert/.cargo/registry/src/index.crates.io-1949cf8c6b5b557f/tracing-0.1.44/src/macros.rs:2807:17
     |
2807 |         $lvl <= $crate::level_filters::STATIC_MAX_LEVEL
     |                 ^^^^^^^^^^^^^^^^^^^^^^^^^^^^^^^^^^^^^^^ evaluation of `<tower::buffer::worker::Worker<tower::util::Either<transport::service::connection::Connection, tower::util::BoxService<http::Request<http_body::combinators::UnsyncBoxBody<bytes::Bytes, status::Status>>, http::Response<hyper::Body>, std::boxed::Box<dyn std::error::Error + std::marker::Send + std::marker::Sync>>>, http::Request<http_body::combinators::UnsyncBoxBody<bytes::Bytes, status::Status>>> as std::future::Future>::poll` failed here
     |
    ::: /Users/insert/.cargo/registry/src/index.crates.io-1949cf8c6b5b557f/tower-0.4.13/src/buffer/worker.rs:216:29
     |
 216 | ...                   tracing::debug!({ %error }, "service failed");
     |                       --------------------------------------------- in this macro invocation
     |
     = note: this error originates in the macro `$crate::level_enabled` which comes from the expansion of the macro `tracing::debug` (in Nightly builds, run with -Z macro-backtrace for more info)

error[E0080]: compilation was interrupted
   --> /Users/insert/.cargo/registry/src/index.crates.io-1949cf8c6b5b557f/tracing-0.1.44/src/macros.rs:902:13
    |
902 | /             (|value_set: $crate::field::ValueSet| {
903 | |                 let meta = __CALLSITE.metadata();
904 | |                 // event with contextual parent
905 | |                 $crate::Event::dispatch(
...   |
913 | |                 );
914 | |             })($crate::valueset_all!(__CALLSITE.metadata().fields(), $($fields)*));
    | |______________^ evaluation of `<tower::buffer::worker::Worker<tower::util::Either<transport::service::connection::Connection, tower::util::BoxService<http::Request<http_body::combinators::UnsyncBoxBody<bytes::Bytes, status::Status>>, http::Response<hyper::Body>, std::boxed::Box<dyn std::error::Error + std::marker::Send + std::marker::Sync>>>, http::Request<http_body::combinators::UnsyncBoxBody<bytes::Bytes, status::Status>>> as std::future::Future>::poll` failed here
    |
   ::: /Users/insert/.cargo/registry/src/index.crates.io-1949cf8c6b5b557f/tower-0.4.13/src/buffer/worker.rs:216:29
    |
216 |   ...                   tracing::debug!({ %error }, "service failed");
    |                         --------------------------------------------- in this macro invocation
    |
    = note: this error originates in the macro `$crate::event` which comes from the expansion of the macro `tracing::debug` (in Nightly builds, run with -Z macro-backtrace for more info)

error[E0080]: compilation was interrupted
    --> /Users/insert/.cargo/registry/src/index.crates.io-1949cf8c6b5b557f/tracing-0.1.44/src/macros.rs:3312:43
     |
3312 |         if $crate::level_to_log!($lvl) <= $crate::log::STATIC_MAX_LEVEL {
     |                                           ^^^^^^^^^^^^^^^^^^^^^^^^^^^^^ evaluation of `<tower::buffer::worker::Worker<tower::util::Either<transport::service::connection::Connection, tower::util::BoxService<http::Request<http_body::combinators::UnsyncBoxBody<bytes::Bytes, status::Status>>, http::Response<hyper::Body>, std::boxed::Box<dyn std::error::Error + std::marker::Send + std::marker::Sync>>>, http::Request<http_body::combinators::UnsyncBoxBody<bytes::Bytes, status::Status>>> as std::future::Future>::poll` failed here
     |
    ::: /Users/insert/.cargo/registry/src/index.crates.io-1949cf8c6b5b557f/tower-0.4.13/src/buffer/worker.rs:216:29
     |
 216 | ...                   tracing::debug!({ %error }, "service failed");
     |                       --------------------------------------------- in this macro invocation
     |
     = note: this error originates in the macro `$crate::if_log_enabled` which comes from the expansion of the macro `tracing::debug` (in Nightly builds, run with -Z macro-backtrace for more info)

note: the above error was encountered while instantiating `fn <Worker<Either<Connection, ...>, ...> as Future>::poll`
   --> /Users/insert/.cargo/registry/src/index.crates.io-1949cf8c6b5b557f/tonic-0.11.0/src/transport/channel/mod.rs:162:26
    |
162 |         executor.execute(Box::pin(worker));
    |                          ^^^^^^^^^^^^^^^^
    |
    = note: the full name for the type has been written to '/Users/insert/Cockatiel/target/debug/deps/tonic-d903f3f35ee752c8.long-type-14166285486303250218.txt'
    = note: consider using `--verbose` to print the full type name to the console

error[E0080]: compilation was interrupted
    --> /Users/insert/.cargo/registry/src/index.crates.io-1949cf8c6b5b557f/tracing-0.1.44/src/macros.rs:1579:13
     |
1579 |             $crate::Level::TRACE,
     |             ^^^^^^^^^^^^^^^^^^^^ evaluation of `tower::buffer::worker::Worker::<tower::util::Either<transport::service::connection::Connection, tower::util::BoxService<http::Request<http_body::combinators::UnsyncBoxBody<bytes::Bytes, status::Status>>, http::Response<hyper::Body>, std::boxed::Box<dyn std::error::Error + std::marker::Send + std::marker::Sync>>>, http::Request<http_body::combinators::UnsyncBoxBody<bytes::Bytes, status::Status>>>::poll_next_msg` failed here
     |
    ::: /Users/insert/.cargo/registry/src/index.crates.io-1949cf8c6b5b557f/tower-0.4.13/src/buffer/worker.rs:108:9
     |
 108 |         tracing::trace!("worker polling for next message");
     |         -------------------------------------------------- in this macro invocation
     |
     = note: this error originates in the macro `tracing::trace` (in Nightly builds, run with -Z macro-backtrace for more info)

error[E0080]: compilation was interrupted
    --> /Users/insert/.cargo/registry/src/index.crates.io-1949cf8c6b5b557f/tracing-0.1.44/src/macros.rs:2807:17
     |
2807 |         $lvl <= $crate::level_filters::STATIC_MAX_LEVEL
     |                 ^^^^^^^^^^^^^^^^^^^^^^^^^^^^^^^^^^^^^^^ evaluation of `tower::buffer::worker::Worker::<tower::util::Either<transport::service::connection::Connection, tower::util::BoxService<http::Request<http_body::combinators::UnsyncBoxBody<bytes::Bytes, status::Status>>, http::Response<hyper::Body>, std::boxed::Box<dyn std::error::Error + std::marker::Send + std::marker::Sync>>>, http::Request<http_body::combinators::UnsyncBoxBody<bytes::Bytes, status::Status>>>::poll_next_msg` failed here
     |
    ::: /Users/insert/.cargo/registry/src/index.crates.io-1949cf8c6b5b557f/tower-0.4.13/src/buffer/worker.rs:108:9
     |
 108 |         tracing::trace!("worker polling for next message");
     |         -------------------------------------------------- in this macro invocation
     |
     = note: this error originates in the macro `$crate::level_enabled` which comes from the expansion of the macro `tracing::trace` (in Nightly builds, run with -Z macro-backtrace for more info)

error[E0080]: compilation was interrupted
   --> /Users/insert/.cargo/registry/src/index.crates.io-1949cf8c6b5b557f/tracing-0.1.44/src/macros.rs:902:13
    |
902 | /             (|value_set: $crate::field::ValueSet| {
903 | |                 let meta = __CALLSITE.metadata();
904 | |                 // event with contextual parent
905 | |                 $crate::Event::dispatch(
...   |
913 | |                 );
914 | |             })($crate::valueset_all!(__CALLSITE.metadata().fields(), $($fields)*));
    | |______________^ evaluation of `tower::buffer::worker::Worker::<tower::util::Either<transport::service::connection::Connection, tower::util::BoxService<http::Request<http_body::combinators::UnsyncBoxBody<bytes::Bytes, status::Status>>, http::Response<hyper::Body>, std::boxed::Box<dyn std::error::Error + std::marker::Send + std::marker::Sync>>>, http::Request<http_body::combinators::UnsyncBoxBody<bytes::Bytes, status::Status>>>::poll_next_msg` failed here
    |
   ::: /Users/insert/.cargo/registry/src/index.crates.io-1949cf8c6b5b557f/tower-0.4.13/src/buffer/worker.rs:108:9
    |
108 |           tracing::trace!("worker polling for next message");
    |           -------------------------------------------------- in this macro invocation
    |
    = note: this error originates in the macro `$crate::event` which comes from the expansion of the macro `tracing::trace` (in Nightly builds, run with -Z macro-backtrace for more info)

error[E0080]: compilation was interrupted
    --> /Users/insert/.cargo/registry/src/index.crates.io-1949cf8c6b5b557f/tracing-0.1.44/src/macros.rs:3312:43
     |
3312 |         if $crate::level_to_log!($lvl) <= $crate::log::STATIC_MAX_LEVEL {
     |                                           ^^^^^^^^^^^^^^^^^^^^^^^^^^^^^ evaluation of `tower::buffer::worker::Worker::<tower::util::Either<transport::service::connection::Connection, tower::util::BoxService<http::Request<http_body::combinators::UnsyncBoxBody<bytes::Bytes, status::Status>>, http::Response<hyper::Body>, std::boxed::Box<dyn std::error::Error + std::marker::Send + std::marker::Sync>>>, http::Request<http_body::combinators::UnsyncBoxBody<bytes::Bytes, status::Status>>>::poll_next_msg` failed here
     |
    ::: /Users/insert/.cargo/registry/src/index.crates.io-1949cf8c6b5b557f/tower-0.4.13/src/buffer/worker.rs:108:9
     |
 108 |         tracing::trace!("worker polling for next message");
     |         -------------------------------------------------- in this macro invocation
     |
     = note: this error originates in the macro `$crate::if_log_enabled` which comes from the expansion of the macro `tracing::trace` (in Nightly builds, run with -Z macro-backtrace for more info)

error[E0080]: compilation was interrupted
    --> /Users/insert/.cargo/registry/src/index.crates.io-1949cf8c6b5b557f/tracing-0.1.44/src/macros.rs:1579:13
     |
1579 |             $crate::Level::TRACE,
     |             ^^^^^^^^^^^^^^^^^^^^ evaluation of `tower::buffer::worker::Worker::<tower::util::Either<transport::service::connection::Connection, tower::util::BoxService<http::Request<http_body::combinators::UnsyncBoxBody<bytes::Bytes, status::Status>>, http::Response<hyper::Body>, std::boxed::Box<dyn std::error::Error + std::marker::Send + std::marker::Sync>>>, http::Request<http_body::combinators::UnsyncBoxBody<bytes::Bytes, status::Status>>>::poll_next_msg` failed here
     |
    ::: /Users/insert/.cargo/registry/src/index.crates.io-1949cf8c6b5b557f/tower-0.4.13/src/buffer/worker.rs:118:13
     |
 118 |             tracing::trace!("dropping cancelled buffered request");
     |             ------------------------------------------------------ in this macro invocation
     |
     = note: this error originates in the macro `tracing::trace` (in Nightly builds, run with -Z macro-backtrace for more info)

error[E0080]: compilation was interrupted
    --> /Users/insert/.cargo/registry/src/index.crates.io-1949cf8c6b5b557f/tracing-0.1.44/src/macros.rs:2807:17
     |
2807 |         $lvl <= $crate::level_filters::STATIC_MAX_LEVEL
     |                 ^^^^^^^^^^^^^^^^^^^^^^^^^^^^^^^^^^^^^^^ evaluation of `tower::buffer::worker::Worker::<tower::util::Either<transport::service::connection::Connection, tower::util::BoxService<http::Request<http_body::combinators::UnsyncBoxBody<bytes::Bytes, status::Status>>, http::Response<hyper::Body>, std::boxed::Box<dyn std::error::Error + std::marker::Send + std::marker::Sync>>>, http::Request<http_body::combinators::UnsyncBoxBody<bytes::Bytes, status::Status>>>::poll_next_msg` failed here
     |
    ::: /Users/insert/.cargo/registry/src/index.crates.io-1949cf8c6b5b557f/tower-0.4.13/src/buffer/worker.rs:118:13
     |
 118 |             tracing::trace!("dropping cancelled buffered request");
     |             ------------------------------------------------------ in this macro invocation
     |
     = note: this error originates in the macro `$crate::level_enabled` which comes from the expansion of the macro `tracing::trace` (in Nightly builds, run with -Z macro-backtrace for more info)

error[E0080]: compilation was interrupted
    --> /Users/insert/.cargo/registry/src/index.crates.io-1949cf8c6b5b557f/tracing-0.1.44/src/macros.rs:1579:13
     |
1579 |             $crate::Level::TRACE,
     |             ^^^^^^^^^^^^^^^^^^^^ evaluation of `tower::buffer::worker::Worker::<tower::util::Either<transport::service::connection::Connection, tower::util::BoxService<http::Request<http_body::combinators::UnsyncBoxBody<bytes::Bytes, status::Status>>, http::Response<hyper::Body>, std::boxed::Box<dyn std::error::Error + std::marker::Send + std::marker::Sync>>>, http::Request<http_body::combinators::UnsyncBoxBody<bytes::Bytes, status::Status>>>::poll_next_msg` failed here
     |
    ::: /Users/insert/.cargo/registry/src/index.crates.io-1949cf8c6b5b557f/tower-0.4.13/src/buffer/worker.rs:114:17
     |
 114 |                 tracing::trace!("resuming buffered request");
     |                 -------------------------------------------- in this macro invocation
     |
     = note: this error originates in the macro `tracing::trace` (in Nightly builds, run with -Z macro-backtrace for more info)

error[E0080]: compilation was interrupted
    --> /Users/insert/.cargo/registry/src/index.crates.io-1949cf8c6b5b557f/tracing-0.1.44/src/macros.rs:2807:17
     |
2807 |         $lvl <= $crate::level_filters::STATIC_MAX_LEVEL
     |                 ^^^^^^^^^^^^^^^^^^^^^^^^^^^^^^^^^^^^^^^ evaluation of `tower::buffer::worker::Worker::<tower::util::Either<transport::service::connection::Connection, tower::util::BoxService<http::Request<http_body::combinators::UnsyncBoxBody<bytes::Bytes, status::Status>>, http::Response<hyper::Body>, std::boxed::Box<dyn std::error::Error + std::marker::Send + std::marker::Sync>>>, http::Request<http_body::combinators::UnsyncBoxBody<bytes::Bytes, status::Status>>>::poll_next_msg` failed here
     |
    ::: /Users/insert/.cargo/registry/src/index.crates.io-1949cf8c6b5b557f/tower-0.4.13/src/buffer/worker.rs:114:17
     |
 114 |                 tracing::trace!("resuming buffered request");
     |                 -------------------------------------------- in this macro invocation
     |
     = note: this error originates in the macro `$crate::level_enabled` which comes from the expansion of the macro `tracing::trace` (in Nightly builds, run with -Z macro-backtrace for more info)

error[E0080]: compilation was interrupted
   --> /Users/insert/.cargo/registry/src/index.crates.io-1949cf8c6b5b557f/tracing-0.1.44/src/macros.rs:902:13
    |
902 | /             (|value_set: $crate::field::ValueSet| {
903 | |                 let meta = __CALLSITE.metadata();
904 | |                 // event with contextual parent
905 | |                 $crate::Event::dispatch(
...   |
913 | |                 );
914 | |             })($crate::valueset_all!(__CALLSITE.metadata().fields(), $($fields)*));
    | |______________^ evaluation of `tower::buffer::worker::Worker::<tower::util::Either<transport::service::connection::Connection, tower::util::BoxService<http::Request<http_body::combinators::UnsyncBoxBody<bytes::Bytes, status::Status>>, http::Response<hyper::Body>, std::boxed::Box<dyn std::error::Error + std::marker::Send + std::marker::Sync>>>, http::Request<http_body::combinators::UnsyncBoxBody<bytes::Bytes, status::Status>>>::poll_next_msg` failed here
    |
   ::: /Users/insert/.cargo/registry/src/index.crates.io-1949cf8c6b5b557f/tower-0.4.13/src/buffer/worker.rs:114:17
    |
114 |                   tracing::trace!("resuming buffered request");
    |                   -------------------------------------------- in this macro invocation
    |
    = note: this error originates in the macro `$crate::event` which comes from the expansion of the macro `tracing::trace` (in Nightly builds, run with -Z macro-backtrace for more info)

error[E0080]: compilation was interrupted
    --> /Users/insert/.cargo/registry/src/index.crates.io-1949cf8c6b5b557f/tracing-0.1.44/src/macros.rs:3312:43
     |
3312 |         if $crate::level_to_log!($lvl) <= $crate::log::STATIC_MAX_LEVEL {
     |                                           ^^^^^^^^^^^^^^^^^^^^^^^^^^^^^ evaluation of `tower::buffer::worker::Worker::<tower::util::Either<transport::service::connection::Connection, tower::util::BoxService<http::Request<http_body::combinators::UnsyncBoxBody<bytes::Bytes, status::Status>>, http::Response<hyper::Body>, std::boxed::Box<dyn std::error::Error + std::marker::Send + std::marker::Sync>>>, http::Request<http_body::combinators::UnsyncBoxBody<bytes::Bytes, status::Status>>>::poll_next_msg` failed here
     |
    ::: /Users/insert/.cargo/registry/src/index.crates.io-1949cf8c6b5b557f/tower-0.4.13/src/buffer/worker.rs:114:17
     |
 114 |                 tracing::trace!("resuming buffered request");
     |                 -------------------------------------------- in this macro invocation
     |
     = note: this error originates in the macro `$crate::if_log_enabled` which comes from the expansion of the macro `tracing::trace` (in Nightly builds, run with -Z macro-backtrace for more info)

error[E0080]: compilation was interrupted
   --> /Users/insert/.cargo/registry/src/index.crates.io-1949cf8c6b5b557f/tracing-0.1.44/src/macros.rs:902:13
    |
902 | /             (|value_set: $crate::field::ValueSet| {
903 | |                 let meta = __CALLSITE.metadata();
904 | |                 // event with contextual parent
905 | |                 $crate::Event::dispatch(
...   |
913 | |                 );
914 | |             })($crate::valueset_all!(__CALLSITE.metadata().fields(), $($fields)*));
    | |______________^ evaluation of `tower::buffer::worker::Worker::<tower::util::Either<transport::service::connection::Connection, tower::util::BoxService<http::Request<http_body::combinators::UnsyncBoxBody<bytes::Bytes, status::Status>>, http::Response<hyper::Body>, std::boxed::Box<dyn std::error::Error + std::marker::Send + std::marker::Sync>>>, http::Request<http_body::combinators::UnsyncBoxBody<bytes::Bytes, status::Status>>>::poll_next_msg` failed here
    |
   ::: /Users/insert/.cargo/registry/src/index.crates.io-1949cf8c6b5b557f/tower-0.4.13/src/buffer/worker.rs:118:13
    |
118 |               tracing::trace!("dropping cancelled buffered request");
    |               ------------------------------------------------------ in this macro invocation
    |
    = note: this error originates in the macro `$crate::event` which comes from the expansion of the macro `tracing::trace` (in Nightly builds, run with -Z macro-backtrace for more info)

error[E0080]: compilation was interrupted
    --> /Users/insert/.cargo/registry/src/index.crates.io-1949cf8c6b5b557f/tracing-0.1.44/src/macros.rs:3312:43
     |
3312 |         if $crate::level_to_log!($lvl) <= $crate::log::STATIC_MAX_LEVEL {
     |                                           ^^^^^^^^^^^^^^^^^^^^^^^^^^^^^ evaluation of `tower::buffer::worker::Worker::<tower::util::Either<transport::service::connection::Connection, tower::util::BoxService<http::Request<http_body::combinators::UnsyncBoxBody<bytes::Bytes, status::Status>>, http::Response<hyper::Body>, std::boxed::Box<dyn std::error::Error + std::marker::Send + std::marker::Sync>>>, http::Request<http_body::combinators::UnsyncBoxBody<bytes::Bytes, status::Status>>>::poll_next_msg` failed here
     |
    ::: /Users/insert/.cargo/registry/src/index.crates.io-1949cf8c6b5b557f/tower-0.4.13/src/buffer/worker.rs:118:13
     |
 118 |             tracing::trace!("dropping cancelled buffered request");
     |             ------------------------------------------------------ in this macro invocation
     |
     = note: this error originates in the macro `$crate::if_log_enabled` which comes from the expansion of the macro `tracing::trace` (in Nightly builds, run with -Z macro-backtrace for more info)

error[E0080]: compilation was interrupted
    --> /Users/insert/.cargo/registry/src/index.crates.io-1949cf8c6b5b557f/tracing-0.1.44/src/macros.rs:1579:13
     |
1579 |             $crate::Level::TRACE,
     |             ^^^^^^^^^^^^^^^^^^^^ evaluation of `tower::buffer::worker::Worker::<tower::util::Either<transport::service::connection::Connection, tower::util::BoxService<http::Request<http_body::combinators::UnsyncBoxBody<bytes::Bytes, status::Status>>, http::Response<hyper::Body>, std::boxed::Box<dyn std::error::Error + std::marker::Send + std::marker::Sync>>>, http::Request<http_body::combinators::UnsyncBoxBody<bytes::Bytes, status::Status>>>::poll_next_msg` failed here
     |
    ::: /Users/insert/.cargo/registry/src/index.crates.io-1949cf8c6b5b557f/tower-0.4.13/src/buffer/worker.rs:128:13
     |
 128 |             tracing::trace!("dropping cancelled request");
     |             --------------------------------------------- in this macro invocation
     |
     = note: this error originates in the macro `tracing::trace` (in Nightly builds, run with -Z macro-backtrace for more info)

error[E0080]: compilation was interrupted
    --> /Users/insert/.cargo/registry/src/index.crates.io-1949cf8c6b5b557f/tracing-0.1.44/src/macros.rs:2807:17
     |
2807 |         $lvl <= $crate::level_filters::STATIC_MAX_LEVEL
     |                 ^^^^^^^^^^^^^^^^^^^^^^^^^^^^^^^^^^^^^^^ evaluation of `tower::buffer::worker::Worker::<tower::util::Either<transport::service::connection::Connection, tower::util::BoxService<http::Request<http_body::combinators::UnsyncBoxBody<bytes::Bytes, status::Status>>, http::Response<hyper::Body>, std::boxed::Box<dyn std::error::Error + std::marker::Send + std::marker::Sync>>>, http::Request<http_body::combinators::UnsyncBoxBody<bytes::Bytes, status::Status>>>::poll_next_msg` failed here
     |
    ::: /Users/insert/.cargo/registry/src/index.crates.io-1949cf8c6b5b557f/tower-0.4.13/src/buffer/worker.rs:128:13
     |
 128 |             tracing::trace!("dropping cancelled request");
     |             --------------------------------------------- in this macro invocation
     |
     = note: this error originates in the macro `$crate::level_enabled` which comes from the expansion of the macro `tracing::trace` (in Nightly builds, run with -Z macro-backtrace for more info)

error[E0080]: compilation was interrupted
    --> /Users/insert/.cargo/registry/src/index.crates.io-1949cf8c6b5b557f/tracing-0.1.44/src/macros.rs:1579:13
     |
1579 |             $crate::Level::TRACE,
     |             ^^^^^^^^^^^^^^^^^^^^ evaluation of `tower::buffer::worker::Worker::<tower::util::Either<transport::service::connection::Connection, tower::util::BoxService<http::Request<http_body::combinators::UnsyncBoxBody<bytes::Bytes, status::Status>>, http::Response<hyper::Body>, std::boxed::Box<dyn std::error::Error + std::marker::Send + std::marker::Sync>>>, http::Request<http_body::combinators::UnsyncBoxBody<bytes::Bytes, status::Status>>>::poll_next_msg` failed here
     |
    ::: /Users/insert/.cargo/registry/src/index.crates.io-1949cf8c6b5b557f/tower-0.4.13/src/buffer/worker.rs:124:17
     |
 124 |                 tracing::trace!("processing new request");
     |                 ----------------------------------------- in this macro invocation
     |
     = note: this error originates in the macro `tracing::trace` (in Nightly builds, run with -Z macro-backtrace for more info)

error[E0080]: compilation was interrupted
    --> /Users/insert/.cargo/registry/src/index.crates.io-1949cf8c6b5b557f/tracing-0.1.44/src/macros.rs:2807:17
     |
2807 |         $lvl <= $crate::level_filters::STATIC_MAX_LEVEL
     |                 ^^^^^^^^^^^^^^^^^^^^^^^^^^^^^^^^^^^^^^^ evaluation of `tower::buffer::worker::Worker::<tower::util::Either<transport::service::connection::Connection, tower::util::BoxService<http::Request<http_body::combinators::UnsyncBoxBody<bytes::Bytes, status::Status>>, http::Response<hyper::Body>, std::boxed::Box<dyn std::error::Error + std::marker::Send + std::marker::Sync>>>, http::Request<http_body::combinators::UnsyncBoxBody<bytes::Bytes, status::Status>>>::poll_next_msg` failed here
     |
    ::: /Users/insert/.cargo/registry/src/index.crates.io-1949cf8c6b5b557f/tower-0.4.13/src/buffer/worker.rs:124:17
     |
 124 |                 tracing::trace!("processing new request");
     |                 ----------------------------------------- in this macro invocation
     |
     = note: this error originates in the macro `$crate::level_enabled` which comes from the expansion of the macro `tracing::trace` (in Nightly builds, run with -Z macro-backtrace for more info)

error[E0080]: compilation was interrupted
   --> /Users/insert/.cargo/registry/src/index.crates.io-1949cf8c6b5b557f/tracing-0.1.44/src/macros.rs:902:13
    |
902 | /             (|value_set: $crate::field::ValueSet| {
903 | |                 let meta = __CALLSITE.metadata();
904 | |                 // event with contextual parent
905 | |                 $crate::Event::dispatch(
...   |
913 | |                 );
914 | |             })($crate::valueset_all!(__CALLSITE.metadata().fields(), $($fields)*));
    | |______________^ evaluation of `tower::buffer::worker::Worker::<tower::util::Either<transport::service::connection::Connection, tower::util::BoxService<http::Request<http_body::combinators::UnsyncBoxBody<bytes::Bytes, status::Status>>, http::Response<hyper::Body>, std::boxed::Box<dyn std::error::Error + std::marker::Send + std::marker::Sync>>>, http::Request<http_body::combinators::UnsyncBoxBody<bytes::Bytes, status::Status>>>::poll_next_msg` failed here
    |
   ::: /Users/insert/.cargo/registry/src/index.crates.io-1949cf8c6b5b557f/tower-0.4.13/src/buffer/worker.rs:124:17
    |
124 |                   tracing::trace!("processing new request");
    |                   ----------------------------------------- in this macro invocation
    |
    = note: this error originates in the macro `$crate::event` which comes from the expansion of the macro `tracing::trace` (in Nightly builds, run with -Z macro-backtrace for more info)

error[E0080]: compilation was interrupted
    --> /Users/insert/.cargo/registry/src/index.crates.io-1949cf8c6b5b557f/tracing-0.1.44/src/macros.rs:3312:43
     |
3312 |         if $crate::level_to_log!($lvl) <= $crate::log::STATIC_MAX_LEVEL {
     |                                           ^^^^^^^^^^^^^^^^^^^^^^^^^^^^^ evaluation of `tower::buffer::worker::Worker::<tower::util::Either<transport::service::connection::Connection, tower::util::BoxService<http::Request<http_body::combinators::UnsyncBoxBody<bytes::Bytes, status::Status>>, http::Response<hyper::Body>, std::boxed::Box<dyn std::error::Error + std::marker::Send + std::marker::Sync>>>, http::Request<http_body::combinators::UnsyncBoxBody<bytes::Bytes, status::Status>>>::poll_next_msg` failed here
     |
    ::: /Users/insert/.cargo/registry/src/index.crates.io-1949cf8c6b5b557f/tower-0.4.13/src/buffer/worker.rs:124:17
     |
 124 |                 tracing::trace!("processing new request");
     |                 ----------------------------------------- in this macro invocation
     |
     = note: this error originates in the macro `$crate::if_log_enabled` which comes from the expansion of the macro `tracing::trace` (in Nightly builds, run with -Z macro-backtrace for more info)

error[E0080]: compilation was interrupted
   --> /Users/insert/.cargo/registry/src/index.crates.io-1949cf8c6b5b557f/tracing-0.1.44/src/macros.rs:902:13
    |
902 | /             (|value_set: $crate::field::ValueSet| {
903 | |                 let meta = __CALLSITE.metadata();
904 | |                 // event with contextual parent
905 | |                 $crate::Event::dispatch(
...   |
913 | |                 );
914 | |             })($crate::valueset_all!(__CALLSITE.metadata().fields(), $($fields)*));
    | |______________^ evaluation of `tower::buffer::worker::Worker::<tower::util::Either<transport::service::connection::Connection, tower::util::BoxService<http::Request<http_body::combinators::UnsyncBoxBody<bytes::Bytes, status::Status>>, http::Response<hyper::Body>, std::boxed::Box<dyn std::error::Error + std::marker::Send + std::marker::Sync>>>, http::Request<http_body::combinators::UnsyncBoxBody<bytes::Bytes, status::Status>>>::poll_next_msg` failed here
    |
   ::: /Users/insert/.cargo/registry/src/index.crates.io-1949cf8c6b5b557f/tower-0.4.13/src/buffer/worker.rs:128:13
    |
128 |               tracing::trace!("dropping cancelled request");
    |               --------------------------------------------- in this macro invocation
    |
    = note: this error originates in the macro `$crate::event` which comes from the expansion of the macro `tracing::trace` (in Nightly builds, run with -Z macro-backtrace for more info)

error[E0080]: compilation was interrupted
    --> /Users/insert/.cargo/registry/src/index.crates.io-1949cf8c6b5b557f/tracing-0.1.44/src/macros.rs:3312:43
     |
3312 |         if $crate::level_to_log!($lvl) <= $crate::log::STATIC_MAX_LEVEL {
     |                                           ^^^^^^^^^^^^^^^^^^^^^^^^^^^^^ evaluation of `tower::buffer::worker::Worker::<tower::util::Either<transport::service::connection::Connection, tower::util::BoxService<http::Request<http_body::combinators::UnsyncBoxBody<bytes::Bytes, status::Status>>, http::Response<hyper::Body>, std::boxed::Box<dyn std::error::Error + std::marker::Send + std::marker::Sync>>>, http::Request<http_body::combinators::UnsyncBoxBody<bytes::Bytes, status::Status>>>::poll_next_msg` failed here
     |
    ::: /Users/insert/.cargo/registry/src/index.crates.io-1949cf8c6b5b557f/tower-0.4.13/src/buffer/worker.rs:128:13
     |
 128 |             tracing::trace!("dropping cancelled request");
     |             --------------------------------------------- in this macro invocation
     |
     = note: this error originates in the macro `$crate::if_log_enabled` which comes from the expansion of the macro `tracing::trace` (in Nightly builds, run with -Z macro-backtrace for more info)

error[E0080]: compilation was interrupted
   --> /Users/insert/.cargo/registry/src/index.crates.io-1949cf8c6b5b557f/http-1.5.0/src/header/name.rs:82:39
    |
 82 |                   inner: Repr::Standard(StandardHeader::$konst),
    |                                         ^^^^^^^^^^^^^^^^^^^^^^ evaluation of `http::header::ACCEPT` failed here
...
156 | / standard_headers! {
157 | |     /// Advertises which content types the client is able to understand.
158 | |     ///
159 | |     /// The Accept request HTTP header advertises which content types, expressed
...   |
989 | |     (XXssProtection, X_XSS_PROTECTION, b"x-xss-protection");
990 | | }
    | |_- in this macro invocation
    |
    = note: this error originates in the macro `standard_headers` (in Nightly builds, run with -Z macro-backtrace for more info)

note: the above error was encountered while instantiating `fn Worker::<Either<Connection, ...>, ...>::poll_next_msg`
   --> /Users/insert/.cargo/registry/src/index.crates.io-1949cf8c6b5b557f/tower-0.4.13/src/buffer/worker.rs:181:26
    |
181 |             match ready!(self.poll_next_msg(cx)) {
    |                          ^^^^^^^^^^^^^^^^^^^^^^
    |
    = note: the full name for the type has been written to '/Users/insert/Cockatiel/target/debug/deps/tonic-d903f3f35ee752c8.long-type-5290604538845056118.txt'
    = note: consider using `--verbose` to print the full type name to the console

error[E0080]: compilation was interrupted
    --> /Users/insert/.cargo/registry/src/index.crates.io-1949cf8c6b5b557f/tracing-0.1.44/src/macros.rs:3312:43
     |
3312 |         if $crate::level_to_log!($lvl) <= $crate::log::STATIC_MAX_LEVEL {
     |                                           ^^^^^^^^^^^^^^^^^^^^^^^^^^^^^ evaluation of `tower::buffer::worker::Worker::<tower::util::Either<transport::service::connection::Connection, tower::util::BoxService<http::Request<http_body::combinators::UnsyncBoxBody<bytes::Bytes, status::Status>>, http::Response<hyper::Body>, std::boxed::Box<dyn std::error::Error + std::marker::Send + std::marker::Sync>>>, http::Request<http_body::combinators::UnsyncBoxBody<bytes::Bytes, status::Status>>>::poll_next_msg::{closure#0}` failed here
     |
    ::: /Users/insert/.cargo/registry/src/index.crates.io-1949cf8c6b5b557f/tower-0.4.13/src/buffer/worker.rs:108:9
     |
 108 |         tracing::trace!("worker polling for next message");
     |         -------------------------------------------------- in this macro invocation
     |
     = note: this error originates in the macro `$crate::if_log_enabled` which comes from the expansion of the macro `tracing::trace` (in Nightly builds, run with -Z macro-backtrace for more info)

note: the above error was encountered while instantiating `fn Worker::<Either<..., ...>, ...>::poll_next_msg::{closure#0}`
   --> /Users/insert/.cargo/registry/src/index.crates.io-1949cf8c6b5b557f/tracing-0.1.44/src/macros.rs:902:13
    |
902 | /             (|value_set: $crate::field::ValueSet| {
903 | |                 let meta = __CALLSITE.metadata();
904 | |                 // event with contextual parent
905 | |                 $crate::Event::dispatch(
...   |
913 | |                 );
914 | |             })($crate::valueset_all!(__CALLSITE.metadata().fields(), $($fields)*));
    | |__________________________________________________________________________________^
    |
   ::: /Users/insert/.cargo/registry/src/index.crates.io-1949cf8c6b5b557f/tower-0.4.13/src/buffer/worker.rs:108:9
    |
108 |           tracing::trace!("worker polling for next message");
    |           -------------------------------------------------- in this macro invocation
    |
    = note: the full name for the type has been written to '/Users/insert/Cockatiel/target/debug/deps/tonic-d903f3f35ee752c8.long-type-3214088394863395089.txt'
    = note: consider using `--verbose` to print the full type name to the console
    = note: this note originates in the macro `$crate::event` which comes from the expansion of the macro `tracing::trace` (in Nightly builds, run with -Z macro-backtrace for more info)

error[E0080]: compilation was interrupted
    --> /Users/insert/.cargo/registry/src/index.crates.io-1949cf8c6b5b557f/tracing-0.1.44/src/macros.rs:3312:43
     |
3312 |         if $crate::level_to_log!($lvl) <= $crate::log::STATIC_MAX_LEVEL {
     |                                           ^^^^^^^^^^^^^^^^^^^^^^^^^^^^^ evaluation of `tower::buffer::worker::Worker::<tower::util::Either<transport::service::connection::Connection, tower::util::BoxService<http::Request<http_body::combinators::UnsyncBoxBody<bytes::Bytes, status::Status>>, http::Response<hyper::Body>, std::boxed::Box<dyn std::error::Error + std::marker::Send + std::marker::Sync>>>, http::Request<http_body::combinators::UnsyncBoxBody<bytes::Bytes, status::Status>>>::poll_next_msg::{closure#1}` failed here
     |
    ::: /Users/insert/.cargo/registry/src/index.crates.io-1949cf8c6b5b557f/tower-0.4.13/src/buffer/worker.rs:114:17
     |
 114 |                 tracing::trace!("resuming buffered request");
     |                 -------------------------------------------- in this macro invocation
     |
     = note: this error originates in the macro `$crate::if_log_enabled` which comes from the expansion of the macro `tracing::trace` (in Nightly builds, run with -Z macro-backtrace for more info)

note: the above error was encountered while instantiating `fn Worker::<Either<..., ...>, ...>::poll_next_msg::{closure#1}`
   --> /Users/insert/.cargo/registry/src/index.crates.io-1949cf8c6b5b557f/tracing-0.1.44/src/macros.rs:902:13
    |
902 | /             (|value_set: $crate::field::ValueSet| {
903 | |                 let meta = __CALLSITE.metadata();
904 | |                 // event with contextual parent
905 | |                 $crate::Event::dispatch(
...   |
913 | |                 );
914 | |             })($crate::valueset_all!(__CALLSITE.metadata().fields(), $($fields)*));
    | |__________________________________________________________________________________^
    |
   ::: /Users/insert/.cargo/registry/src/index.crates.io-1949cf8c6b5b557f/tower-0.4.13/src/buffer/worker.rs:114:17
    |
114 |                   tracing::trace!("resuming buffered request");
    |                   -------------------------------------------- in this macro invocation
    |
    = note: the full name for the type has been written to '/Users/insert/Cockatiel/target/debug/deps/tonic-d903f3f35ee752c8.long-type-16965116915412093823.txt'
    = note: consider using `--verbose` to print the full type name to the console
    = note: this note originates in the macro `$crate::event` which comes from the expansion of the macro `tracing::trace` (in Nightly builds, run with -Z macro-backtrace for more info)

error[E0080]: compilation was interrupted
    --> /Users/insert/.cargo/registry/src/index.crates.io-1949cf8c6b5b557f/tracing-0.1.44/src/macros.rs:3312:43
     |
3312 |         if $crate::level_to_log!($lvl) <= $crate::log::STATIC_MAX_LEVEL {
     |                                           ^^^^^^^^^^^^^^^^^^^^^^^^^^^^^ evaluation of `tower::buffer::worker::Worker::<tower::util::Either<transport::service::connection::Connection, tower::util::BoxService<http::Request<http_body::combinators::UnsyncBoxBody<bytes::Bytes, status::Status>>, http::Response<hyper::Body>, std::boxed::Box<dyn std::error::Error + std::marker::Send + std::marker::Sync>>>, http::Request<http_body::combinators::UnsyncBoxBody<bytes::Bytes, status::Status>>>::poll_next_msg::{closure#2}` failed here
     |
    ::: /Users/insert/.cargo/registry/src/index.crates.io-1949cf8c6b5b557f/tower-0.4.13/src/buffer/worker.rs:118:13
     |
 118 |             tracing::trace!("dropping cancelled buffered request");
     |             ------------------------------------------------------ in this macro invocation
     |
     = note: this error originates in the macro `$crate::if_log_enabled` which comes from the expansion of the macro `tracing::trace` (in Nightly builds, run with -Z macro-backtrace for more info)

note: the above error was encountered while instantiating `fn Worker::<Either<..., ...>, ...>::poll_next_msg::{closure#2}`
   --> /Users/insert/.cargo/registry/src/index.crates.io-1949cf8c6b5b557f/tracing-0.1.44/src/macros.rs:902:13
    |
902 | /             (|value_set: $crate::field::ValueSet| {
903 | |                 let meta = __CALLSITE.metadata();
904 | |                 // event with contextual parent
905 | |                 $crate::Event::dispatch(
...   |
913 | |                 );
914 | |             })($crate::valueset_all!(__CALLSITE.metadata().fields(), $($fields)*));
    | |__________________________________________________________________________________^
    |
   ::: /Users/insert/.cargo/registry/src/index.crates.io-1949cf8c6b5b557f/tower-0.4.13/src/buffer/worker.rs:118:13
    |
118 |               tracing::trace!("dropping cancelled buffered request");
    |               ------------------------------------------------------ in this macro invocation
    |
    = note: the full name for the type has been written to '/Users/insert/Cockatiel/target/debug/deps/tonic-d903f3f35ee752c8.long-type-5101085559180240109.txt'
    = note: consider using `--verbose` to print the full type name to the console
    = note: this note originates in the macro `$crate::event` which comes from the expansion of the macro `tracing::trace` (in Nightly builds, run with -Z macro-backtrace for more info)

error[E0080]: compilation was interrupted
    --> /Users/insert/.cargo/registry/src/index.crates.io-1949cf8c6b5b557f/tracing-0.1.44/src/macros.rs:3312:43
     |
3312 |         if $crate::level_to_log!($lvl) <= $crate::log::STATIC_MAX_LEVEL {
     |                                           ^^^^^^^^^^^^^^^^^^^^^^^^^^^^^ evaluation of `tower::buffer::worker::Worker::<tower::util::Either<transport::service::connection::Connection, tower::util::BoxService<http::Request<http_body::combinators::UnsyncBoxBody<bytes::Bytes, status::Status>>, http::Response<hyper::Body>, std::boxed::Box<dyn std::error::Error + std::marker::Send + std::marker::Sync>>>, http::Request<http_body::combinators::UnsyncBoxBody<bytes::Bytes, status::Status>>>::poll_next_msg::{closure#3}` failed here
     |
    ::: /Users/insert/.cargo/registry/src/index.crates.io-1949cf8c6b5b557f/tower-0.4.13/src/buffer/worker.rs:124:17
     |
 124 |                 tracing::trace!("processing new request");
     |                 ----------------------------------------- in this macro invocation
     |
     = note: this error originates in the macro `$crate::if_log_enabled` which comes from the expansion of the macro `tracing::trace` (in Nightly builds, run with -Z macro-backtrace for more info)

note: the above error was encountered while instantiating `fn Worker::<Either<..., ...>, ...>::poll_next_msg::{closure#3}`
   --> /Users/insert/.cargo/registry/src/index.crates.io-1949cf8c6b5b557f/tracing-0.1.44/src/macros.rs:902:13
    |
902 | /             (|value_set: $crate::field::ValueSet| {
903 | |                 let meta = __CALLSITE.metadata();
904 | |                 // event with contextual parent
905 | |                 $crate::Event::dispatch(
...   |
913 | |                 );
914 | |             })($crate::valueset_all!(__CALLSITE.metadata().fields(), $($fields)*));
    | |__________________________________________________________________________________^
    |
   ::: /Users/insert/.cargo/registry/src/index.crates.io-1949cf8c6b5b557f/tower-0.4.13/src/buffer/worker.rs:124:17
    |
124 |                   tracing::trace!("processing new request");
    |                   ----------------------------------------- in this macro invocation
    |
    = note: the full name for the type has been written to '/Users/insert/Cockatiel/target/debug/deps/tonic-d903f3f35ee752c8.long-type-4552583329507696362.txt'
    = note: consider using `--verbose` to print the full type name to the console
    = note: this note originates in the macro `$crate::event` which comes from the expansion of the macro `tracing::trace` (in Nightly builds, run with -Z macro-backtrace for more info)

error[E0080]: compilation was interrupted
    --> /Users/insert/.cargo/registry/src/index.crates.io-1949cf8c6b5b557f/tracing-0.1.44/src/macros.rs:3312:43
     |
3312 |         if $crate::level_to_log!($lvl) <= $crate::log::STATIC_MAX_LEVEL {
     |                                           ^^^^^^^^^^^^^^^^^^^^^^^^^^^^^ evaluation of `tower::buffer::worker::Worker::<tower::util::Either<transport::service::connection::Connection, tower::util::BoxService<http::Request<http_body::combinators::UnsyncBoxBody<bytes::Bytes, status::Status>>, http::Response<hyper::Body>, std::boxed::Box<dyn std::error::Error + std::marker::Send + std::marker::Sync>>>, http::Request<http_body::combinators::UnsyncBoxBody<bytes::Bytes, status::Status>>>::poll_next_msg::{closure#4}` failed here
     |
    ::: /Users/insert/.cargo/registry/src/index.crates.io-1949cf8c6b5b557f/tower-0.4.13/src/buffer/worker.rs:128:13
     |
 128 |             tracing::trace!("dropping cancelled request");
     |             --------------------------------------------- in this macro invocation
     |
     = note: this error originates in the macro `$crate::if_log_enabled` which comes from the expansion of the macro `tracing::trace` (in Nightly builds, run with -Z macro-backtrace for more info)

note: the above error was encountered while instantiating `fn Worker::<Either<..., ...>, ...>::poll_next_msg::{closure#4}`
   --> /Users/insert/.cargo/registry/src/index.crates.io-1949cf8c6b5b557f/tracing-0.1.44/src/macros.rs:902:13
    |
902 | /             (|value_set: $crate::field::ValueSet| {
903 | |                 let meta = __CALLSITE.metadata();
904 | |                 // event with contextual parent
905 | |                 $crate::Event::dispatch(
...   |
913 | |                 );
914 | |             })($crate::valueset_all!(__CALLSITE.metadata().fields(), $($fields)*));
    | |__________________________________________________________________________________^
    |
   ::: /Users/insert/.cargo/registry/src/index.crates.io-1949cf8c6b5b557f/tower-0.4.13/src/buffer/worker.rs:128:13
    |
128 |               tracing::trace!("dropping cancelled request");
    |               --------------------------------------------- in this macro invocation
    |
    = note: the full name for the type has been written to '/Users/insert/Cockatiel/target/debug/deps/tonic-d903f3f35ee752c8.long-type-4369071330496663950.txt'
    = note: consider using `--verbose` to print the full type name to the console
    = note: this note originates in the macro `$crate::event` which comes from the expansion of the macro `tracing::trace` (in Nightly builds, run with -Z macro-backtrace for more info)

error[E0080]: compilation was interrupted
    --> /Users/insert/.cargo/registry/src/index.crates.io-1949cf8c6b5b557f/tracing-0.1.44/src/macros.rs:3312:43
     |
3312 |         if $crate::level_to_log!($lvl) <= $crate::log::STATIC_MAX_LEVEL {
     |                                           ^^^^^^^^^^^^^^^^^^^^^^^^^^^^^ evaluation of `<tower::buffer::worker::Worker<tower::util::Either<transport::service::connection::Connection, tower::util::BoxService<http::Request<http_body::combinators::UnsyncBoxBody<bytes::Bytes, status::Status>>, http::Response<hyper::Body>, std::boxed::Box<dyn std::error::Error + std::marker::Send + std::marker::Sync>>>, http::Request<http_body::combinators::UnsyncBoxBody<bytes::Bytes, status::Status>>> as std::future::Future>::poll::{closure#0}` failed here
     |
    ::: /Users/insert/.cargo/registry/src/index.crates.io-1949cf8c6b5b557f/tower-0.4.13/src/buffer/worker.rs:185:25
     |
 185 |                         tracing::trace!("notifying caller about worker failure");
     |                         -------------------------------------------------------- in this macro invocation
     |
     = note: this error originates in the macro `$crate::if_log_enabled` which comes from the expansion of the macro `tracing::trace` (in Nightly builds, run with -Z macro-backtrace for more info)

note: the above error was encountered while instantiating `fn <Worker<Either<..., ...>, ...> as Future>::poll::{closure#0}`
   --> /Users/insert/.cargo/registry/src/index.crates.io-1949cf8c6b5b557f/tracing-0.1.44/src/macros.rs:902:13
    |
902 | /             (|value_set: $crate::field::ValueSet| {
903 | |                 let meta = __CALLSITE.metadata();
904 | |                 // event with contextual parent
905 | |                 $crate::Event::dispatch(
...   |
913 | |                 );
914 | |             })($crate::valueset_all!(__CALLSITE.metadata().fields(), $($fields)*));
    | |__________________________________________________________________________________^
    |
   ::: /Users/insert/.cargo/registry/src/index.crates.io-1949cf8c6b5b557f/tower-0.4.13/src/buffer/worker.rs:185:25
    |
185 |                           tracing::trace!("notifying caller about worker failure");
    |                           -------------------------------------------------------- in this macro invocation
    |
    = note: the full name for the type has been written to '/Users/insert/Cockatiel/target/debug/deps/tonic-d903f3f35ee752c8.long-type-13853116936849418170.txt'
    = note: consider using `--verbose` to print the full type name to the console
    = note: this note originates in the macro `$crate::event` which comes from the expansion of the macro `tracing::trace` (in Nightly builds, run with -Z macro-backtrace for more info)

error[E0080]: compilation was interrupted
 --> /rustc/8bab26f4f68e0e26f0bb7960be334d5b520ea452/library/core/src/mem/mod.rs:1379:24
  |
  = note: evaluation of `<std::option::Option<std::result::Result<tower::util::Either<std::pin::Pin<std::boxed::Box<dyn std::future::Future<Output = std::result::Result<http::Response<hyper::Body>, std::boxed::Box<dyn std::error::Error + std::marker::Send + std::marker::Sync>>> + std::marker::Send>>, std::pin::Pin<std::boxed::Box<dyn std::future::Future<Output = std::result::Result<http::Response<hyper::Body>, std::boxed::Box<dyn std::error::Error + std::marker::Send + std::marker::Sync>>> + std::marker::Send>>>, tower::buffer::error::ServiceError>> as std::mem::SizedTypeProperties>::SIZE` failed here

note: the above error was encountered while instantiating `fn Sender::<Result<Either<..., ...>, ...>>::send::{closure#0}`
  --> /Users/insert/.cargo/registry/src/index.crates.io-1949cf8c6b5b557f/tokio-1.53.1/src/loom/std/unsafe_cell.rs:16:9
   |
16 |         f(self.0.get())
   |         ^^^^^^^^^^^^^^^
   |
   = note: the full name for the type has been written to '/Users/insert/Cockatiel/target/debug/deps/tonic-d903f3f35ee752c8.long-type-7558488148602843363.txt'
   = note: consider using `--verbose` to print the full type name to the console

error[E0080]: compilation was interrupted
    --> /Users/insert/.cargo/registry/src/index.crates.io-1949cf8c6b5b557f/tracing-0.1.44/src/macros.rs:3312:43
     |
3312 |           if $crate::level_to_log!($lvl) <= $crate::log::STATIC_MAX_LEVEL {
     |                                             ^^^^^^^^^^^^^^^^^^^^^^^^^^^^^ evaluation of `<tower::buffer::worker::Worker<tower::util::Either<transport::service::connection::Connection, tower::util::BoxService<http::Request<http_body::combinators::UnsyncBoxBody<bytes::Bytes, status::Status>>, http::Response<hyper::Body>, std::boxed::Box<dyn std::error::Error + std::marker::Send + std::marker::Sync>>>, http::Request<http_body::combinators::UnsyncBoxBody<bytes::Bytes, status::Status>>> as std::future::Future>::poll::{closure#1}` failed here
     |
    ::: /Users/insert/.cargo/registry/src/index.crates.io-1949cf8c6b5b557f/tower-0.4.13/src/buffer/worker.rs:191:21
     |
 191 | /                     tracing::trace!(
 192 | |                         resumed = !first,
 193 | |                         message = "worker received request; waiting for service readiness"
 194 | |                     );
     | |_____________________- in this macro invocation
     |
     = note: this error originates in the macro `$crate::if_log_enabled` which comes from the expansion of the macro `tracing::trace` (in Nightly builds, run with -Z macro-backtrace for more info)

note: the above error was encountered while instantiating `fn <Worker<Either<..., ...>, ...> as Future>::poll::{closure#1}`
   --> /Users/insert/.cargo/registry/src/index.crates.io-1949cf8c6b5b557f/tracing-0.1.44/src/macros.rs:902:13
    |
902 | /             (|value_set: $crate::field::ValueSet| {
903 | |                 let meta = __CALLSITE.metadata();
904 | |                 // event with contextual parent
905 | |                 $crate::Event::dispatch(
...   |
913 | |                 );
914 | |             })($crate::valueset_all!(__CALLSITE.metadata().fields(), $($fields)*));
    | |__________________________________________________________________________________^
    |
   ::: /Users/insert/.cargo/registry/src/index.crates.io-1949cf8c6b5b557f/tower-0.4.13/src/buffer/worker.rs:191:21
    |
191 | /                     tracing::trace!(
192 | |                         resumed = !first,
193 | |                         message = "worker received request; waiting for service readiness"
194 | |                     );
    | |_____________________- in this macro invocation
    |
    = note: the full name for the type has been written to '/Users/insert/Cockatiel/target/debug/deps/tonic-d903f3f35ee752c8.long-type-13211582009222631307.txt'
    = note: consider using `--verbose` to print the full type name to the console
    = note: this note originates in the macro `$crate::event` which comes from the expansion of the macro `tracing::trace` (in Nightly builds, run with -Z macro-backtrace for more info)

error[E0080]: compilation was interrupted
    --> /Users/insert/.cargo/registry/src/index.crates.io-1949cf8c6b5b557f/tracing-0.1.44/src/macros.rs:3312:43
     |
3312 |         if $crate::level_to_log!($lvl) <= $crate::log::STATIC_MAX_LEVEL {
     |                                           ^^^^^^^^^^^^^^^^^^^^^^^^^^^^^ evaluation of `<tower::buffer::worker::Worker<tower::util::Either<transport::service::connection::Connection, tower::util::BoxService<http::Request<http_body::combinators::UnsyncBoxBody<bytes::Bytes, status::Status>>, http::Response<hyper::Body>, std::boxed::Box<dyn std::error::Error + std::marker::Send + std::marker::Sync>>>, http::Request<http_body::combinators::UnsyncBoxBody<bytes::Bytes, status::Status>>> as std::future::Future>::poll::{closure#2}` failed here
     |
    ::: /Users/insert/.cargo/registry/src/index.crates.io-1949cf8c6b5b557f/tower-0.4.13/src/buffer/worker.rs:197:29
     |
 197 | ...                   tracing::debug!(service.ready = true, message = "processing request");
     |                       --------------------------------------------------------------------- in this macro invocation
     |
     = note: this error originates in the macro `$crate::if_log_enabled` which comes from the expansion of the macro `tracing::debug` (in Nightly builds, run with -Z macro-backtrace for more info)

error[E0080]: compilation was interrupted
   --> /Users/insert/.cargo/registry/src/index.crates.io-1949cf8c6b5b557f/http-1.5.0/src/header/name.rs:82:39
    |
 82 |                   inner: Repr::Standard(StandardHeader::$konst),
    |                                         ^^^^^^^^^^^^^^^^^^^^^^ evaluation of `http::header::USER_AGENT` failed here
...
156 | / standard_headers! {
157 | |     /// Advertises which content types the client is able to understand.
158 | |     ///
159 | |     /// The Accept request HTTP header advertises which content types, expressed
...   |
989 | |     (XXssProtection, X_XSS_PROTECTION, b"x-xss-protection");
990 | | }
    | |_- in this macro invocation
    |
    = note: this error originates in the macro `standard_headers` (in Nightly builds, run with -Z macro-backtrace for more info)

note: the above error was encountered while instantiating `fn <Worker<Either<..., ...>, ...> as Future>::poll::{closure#2}`
   --> /Users/insert/.cargo/registry/src/index.crates.io-1949cf8c6b5b557f/tracing-0.1.44/src/macros.rs:902:13
    |
902 | /             (|value_set: $crate::field::ValueSet| {
903 | |                 let meta = __CALLSITE.metadata();
904 | |                 // event with contextual parent
905 | |                 $crate::Event::dispatch(
...   |
913 | |                 );
914 | |             })($crate::valueset_all!(__CALLSITE.metadata().fields(), $($fields)*));
    | |__________________________________________________________________________________^
    |
   ::: /Users/insert/.cargo/registry/src/index.crates.io-1949cf8c6b5b557f/tower-0.4.13/src/buffer/worker.rs:197:29
    |
197 |   ...                   tracing::debug!(service.ready = true, message = "processing request");
    |                         --------------------------------------------------------------------- in this macro invocation
    |
    = note: the full name for the type has been written to '/Users/insert/Cockatiel/target/debug/deps/tonic-d903f3f35ee752c8.long-type-7615921296328520365.txt'
    = note: consider using `--verbose` to print the full type name to the console
    = note: this note originates in the macro `$crate::event` which comes from the expansion of the macro `tracing::debug` (in Nightly builds, run with -Z macro-backtrace for more info)

error[E0080]: compilation was interrupted
    --> /Users/insert/.cargo/registry/src/index.crates.io-1949cf8c6b5b557f/tracing-0.1.44/src/macros.rs:3312:43
     |
3312 |         if $crate::level_to_log!($lvl) <= $crate::log::STATIC_MAX_LEVEL {
     |                                           ^^^^^^^^^^^^^^^^^^^^^^^^^^^^^ evaluation of `<tower::buffer::worker::Worker<tower::util::Either<transport::service::connection::Connection, tower::util::BoxService<http::Request<http_body::combinators::UnsyncBoxBody<bytes::Bytes, status::Status>>, http::Response<hyper::Body>, std::boxed::Box<dyn std::error::Error + std::marker::Send + std::marker::Sync>>>, http::Request<http_body::combinators::UnsyncBoxBody<bytes::Bytes, status::Status>>> as std::future::Future>::poll::{closure#3}` failed here
     |
    ::: /Users/insert/.cargo/registry/src/index.crates.io-1949cf8c6b5b557f/tower-0.4.13/src/buffer/worker.rs:204:29
     |
 204 | ...                   tracing::trace!("returning response future");
     |                       -------------------------------------------- in this macro invocation
     |
     = note: this error originates in the macro `$crate::if_log_enabled` which comes from the expansion of the macro `tracing::trace` (in Nightly builds, run with -Z macro-backtrace for more info)

note: the above error was encountered while instantiating `fn <Worker<Either<..., ...>, ...> as Future>::poll::{closure#3}`
   --> /Users/insert/.cargo/registry/src/index.crates.io-1949cf8c6b5b557f/tracing-0.1.44/src/macros.rs:902:13
    |
902 | /             (|value_set: $crate::field::ValueSet| {
903 | |                 let meta = __CALLSITE.metadata();
904 | |                 // event with contextual parent
905 | |                 $crate::Event::dispatch(
...   |
913 | |                 );
914 | |             })($crate::valueset_all!(__CALLSITE.metadata().fields(), $($fields)*));
    | |__________________________________________________________________________________^
    |
   ::: /Users/insert/.cargo/registry/src/index.crates.io-1949cf8c6b5b557f/tower-0.4.13/src/buffer/worker.rs:204:29
    |
204 |   ...                   tracing::trace!("returning response future");
    |                         -------------------------------------------- in this macro invocation
    |
    = note: the full name for the type has been written to '/Users/insert/Cockatiel/target/debug/deps/tonic-d903f3f35ee752c8.long-type-2291057251148074566.txt'
    = note: consider using `--verbose` to print the full type name to the console
    = note: this note originates in the macro `$crate::event` which comes from the expansion of the macro `tracing::trace` (in Nightly builds, run with -Z macro-backtrace for more info)

error[E0080]: compilation was interrupted
    --> /Users/insert/.cargo/registry/src/index.crates.io-1949cf8c6b5b557f/tracing-0.1.44/src/macros.rs:3312:43
     |
3312 |         if $crate::level_to_log!($lvl) <= $crate::log::STATIC_MAX_LEVEL {
     |                                           ^^^^^^^^^^^^^^^^^^^^^^^^^^^^^ evaluation of `<tower::buffer::worker::Worker<tower::util::Either<transport::service::connection::Connection, tower::util::BoxService<http::Request<http_body::combinators::UnsyncBoxBody<bytes::Bytes, status::Status>>, http::Response<hyper::Body>, std::boxed::Box<dyn std::error::Error + std::marker::Send + std::marker::Sync>>>, http::Request<http_body::combinators::UnsyncBoxBody<bytes::Bytes, status::Status>>> as std::future::Future>::poll::{closure#4}` failed here
     |
    ::: /Users/insert/.cargo/registry/src/index.crates.io-1949cf8c6b5b557f/tower-0.4.13/src/buffer/worker.rs:208:29
     |
 208 | ...                   tracing::trace!(service.ready = false, message = "delay");
     |                       --------------------------------------------------------- in this macro invocation
     |
     = note: this error originates in the macro `$crate::if_log_enabled` which comes from the expansion of the macro `tracing::trace` (in Nightly builds, run with -Z macro-backtrace for more info)

note: the above error was encountered while instantiating `fn <Worker<Either<..., ...>, ...> as Future>::poll::{closure#4}`
   --> /Users/insert/.cargo/registry/src/index.crates.io-1949cf8c6b5b557f/tracing-0.1.44/src/macros.rs:902:13
    |
902 | /             (|value_set: $crate::field::ValueSet| {
903 | |                 let meta = __CALLSITE.metadata();
904 | |                 // event with contextual parent
905 | |                 $crate::Event::dispatch(
...   |
913 | |                 );
914 | |             })($crate::valueset_all!(__CALLSITE.metadata().fields(), $($fields)*));
    | |__________________________________________________________________________________^
    |
   ::: /Users/insert/.cargo/registry/src/index.crates.io-1949cf8c6b5b557f/tower-0.4.13/src/buffer/worker.rs:208:29
    |
208 |   ...                   tracing::trace!(service.ready = false, message = "delay");
    |                         --------------------------------------------------------- in this macro invocation
    |
    = note: the full name for the type has been written to '/Users/insert/Cockatiel/target/debug/deps/tonic-d903f3f35ee752c8.long-type-10932609642537588076.txt'
    = note: consider using `--verbose` to print the full type name to the console
    = note: this note originates in the macro `$crate::event` which comes from the expansion of the macro `tracing::trace` (in Nightly builds, run with -Z macro-backtrace for more info)

error[E0080]: compilation was interrupted
    --> /Users/insert/.cargo/registry/src/index.crates.io-1949cf8c6b5b557f/tracing-0.1.44/src/macros.rs:3312:43
     |
3312 |         if $crate::level_to_log!($lvl) <= $crate::log::STATIC_MAX_LEVEL {
     |                                           ^^^^^^^^^^^^^^^^^^^^^^^^^^^^^ evaluation of `<tower::buffer::worker::Worker<tower::util::Either<transport::service::connection::Connection, tower::util::BoxService<http::Request<http_body::combinators::UnsyncBoxBody<bytes::Bytes, status::Status>>, http::Response<hyper::Body>, std::boxed::Box<dyn std::error::Error + std::marker::Send + std::marker::Sync>>>, http::Request<http_body::combinators::UnsyncBoxBody<bytes::Bytes, status::Status>>> as std::future::Future>::poll::{closure#5}` failed here
     |
    ::: /Users/insert/.cargo/registry/src/index.crates.io-1949cf8c6b5b557f/tower-0.4.13/src/buffer/worker.rs:216:29
     |
 216 | ...                   tracing::debug!({ %error }, "service failed");
     |                       --------------------------------------------- in this macro invocation
     |
     = note: this error originates in the macro `$crate::if_log_enabled` which comes from the expansion of the macro `tracing::debug` (in Nightly builds, run with -Z macro-backtrace for more info)

note: the above error was encountered while instantiating `fn <Worker<Either<..., ...>, ...> as Future>::poll::{closure#5}`
   --> /Users/insert/.cargo/registry/src/index.crates.io-1949cf8c6b5b557f/tracing-0.1.44/src/macros.rs:902:13
    |
902 | /             (|value_set: $crate::field::ValueSet| {
903 | |                 let meta = __CALLSITE.metadata();
904 | |                 // event with contextual parent
905 | |                 $crate::Event::dispatch(
...   |
913 | |                 );
914 | |             })($crate::valueset_all!(__CALLSITE.metadata().fields(), $($fields)*));
    | |__________________________________________________________________________________^
    |
   ::: /Users/insert/.cargo/registry/src/index.crates.io-1949cf8c6b5b557f/tower-0.4.13/src/buffer/worker.rs:216:29
    |
216 |   ...                   tracing::debug!({ %error }, "service failed");
    |                         --------------------------------------------- in this macro invocation
    |
    = note: the full name for the type has been written to '/Users/insert/Cockatiel/target/debug/deps/tonic-d903f3f35ee752c8.long-type-2147647364351935162.txt'
    = note: consider using `--verbose` to print the full type name to the console
    = note: this note originates in the macro `$crate::event` which comes from the expansion of the macro `tracing::debug` (in Nightly builds, run with -Z macro-backtrace for more info)

error[E0080]: compilation was interrupted
    --> /Users/insert/.cargo/registry/src/index.crates.io-1949cf8c6b5b557f/tracing-0.1.44/src/macros.rs:1855:13
     |
1855 |             $crate::Level::DEBUG,
     |             ^^^^^^^^^^^^^^^^^^^^ evaluation of `tower::buffer::worker::Worker::<tower::util::Either<transport::service::connection::Connection, tower::util::BoxService<http::Request<http_body::combinators::UnsyncBoxBody<bytes::Bytes, status::Status>>, http::Response<hyper::Body>, std::boxed::Box<dyn std::error::Error + std::marker::Send + std::marker::Sync>>>, http::Request<http_body::combinators::UnsyncBoxBody<bytes::Bytes, status::Status>>>::close_semaphore` failed here
     |
    ::: /Users/insert/.cargo/registry/src/index.crates.io-1949cf8c6b5b557f/tower-0.4.13/src/buffer/worker.rs:59:13
     |
  59 |             tracing::debug!("buffer closing; waking pending tasks");
     |             ------------------------------------------------------- in this macro invocation
     |
     = note: this error originates in the macro `tracing::debug` (in Nightly builds, run with -Z macro-backtrace for more info)

error[E0080]: compilation was interrupted
    --> /Users/insert/.cargo/registry/src/index.crates.io-1949cf8c6b5b557f/tracing-0.1.44/src/macros.rs:2807:17
     |
2807 |         $lvl <= $crate::level_filters::STATIC_MAX_LEVEL
     |                 ^^^^^^^^^^^^^^^^^^^^^^^^^^^^^^^^^^^^^^^ evaluation of `tower::buffer::worker::Worker::<tower::util::Either<transport::service::connection::Connection, tower::util::BoxService<http::Request<http_body::combinators::UnsyncBoxBody<bytes::Bytes, status::Status>>, http::Response<hyper::Body>, std::boxed::Box<dyn std::error::Error + std::marker::Send + std::marker::Sync>>>, http::Request<http_body::combinators::UnsyncBoxBody<bytes::Bytes, status::Status>>>::close_semaphore` failed here
     |
    ::: /Users/insert/.cargo/registry/src/index.crates.io-1949cf8c6b5b557f/tower-0.4.13/src/buffer/worker.rs:59:13
     |
  59 |             tracing::debug!("buffer closing; waking pending tasks");
     |             ------------------------------------------------------- in this macro invocation
     |
     = note: this error originates in the macro `$crate::level_enabled` which comes from the expansion of the macro `tracing::debug` (in Nightly builds, run with -Z macro-backtrace for more info)

error[E0080]: compilation was interrupted
   --> /Users/insert/.cargo/registry/src/index.crates.io-1949cf8c6b5b557f/tracing-0.1.44/src/macros.rs:902:13
    |
902 | /             (|value_set: $crate::field::ValueSet| {
903 | |                 let meta = __CALLSITE.metadata();
904 | |                 // event with contextual parent
905 | |                 $crate::Event::dispatch(
...   |
913 | |                 );
914 | |             })($crate::valueset_all!(__CALLSITE.metadata().fields(), $($fields)*));
    | |______________^ evaluation of `tower::buffer::worker::Worker::<tower::util::Either<transport::service::connection::Connection, tower::util::BoxService<http::Request<http_body::combinators::UnsyncBoxBody<bytes::Bytes, status::Status>>, http::Response<hyper::Body>, std::boxed::Box<dyn std::error::Error + std::marker::Send + std::marker::Sync>>>, http::Request<http_body::combinators::UnsyncBoxBody<bytes::Bytes, status::Status>>>::close_semaphore` failed here
    |
   ::: /Users/insert/.cargo/registry/src/index.crates.io-1949cf8c6b5b557f/tower-0.4.13/src/buffer/worker.rs:59:13
    |
 59 |               tracing::debug!("buffer closing; waking pending tasks");
    |               ------------------------------------------------------- in this macro invocation
    |
    = note: this error originates in the macro `$crate::event` which comes from the expansion of the macro `tracing::debug` (in Nightly builds, run with -Z macro-backtrace for more info)

error[E0080]: compilation was interrupted
    --> /Users/insert/.cargo/registry/src/index.crates.io-1949cf8c6b5b557f/tracing-0.1.44/src/macros.rs:3312:43
     |
3312 |         if $crate::level_to_log!($lvl) <= $crate::log::STATIC_MAX_LEVEL {
     |                                           ^^^^^^^^^^^^^^^^^^^^^^^^^^^^^ evaluation of `tower::buffer::worker::Worker::<tower::util::Either<transport::service::connection::Connection, tower::util::BoxService<http::Request<http_body::combinators::UnsyncBoxBody<bytes::Bytes, status::Status>>, http::Response<hyper::Body>, std::boxed::Box<dyn std::error::Error + std::marker::Send + std::marker::Sync>>>, http::Request<http_body::combinators::UnsyncBoxBody<bytes::Bytes, status::Status>>>::close_semaphore` failed here
     |
    ::: /Users/insert/.cargo/registry/src/index.crates.io-1949cf8c6b5b557f/tower-0.4.13/src/buffer/worker.rs:59:13
     |
  59 |             tracing::debug!("buffer closing; waking pending tasks");
     |             ------------------------------------------------------- in this macro invocation
     |
     = note: this error originates in the macro `$crate::if_log_enabled` which comes from the expansion of the macro `tracing::debug` (in Nightly builds, run with -Z macro-backtrace for more info)

error[E0080]: compilation was interrupted
    --> /Users/insert/.cargo/registry/src/index.crates.io-1949cf8c6b5b557f/tracing-0.1.44/src/macros.rs:1579:13
     |
1579 |             $crate::Level::TRACE,
     |             ^^^^^^^^^^^^^^^^^^^^ evaluation of `tower::buffer::worker::Worker::<tower::util::Either<transport::service::connection::Connection, tower::util::BoxService<http::Request<http_body::combinators::UnsyncBoxBody<bytes::Bytes, status::Status>>, http::Response<hyper::Body>, std::boxed::Box<dyn std::error::Error + std::marker::Send + std::marker::Sync>>>, http::Request<http_body::combinators::UnsyncBoxBody<bytes::Bytes, status::Status>>>::close_semaphore` failed here
     |
    ::: /Users/insert/.cargo/registry/src/index.crates.io-1949cf8c6b5b557f/tower-0.4.13/src/buffer/worker.rs:62:13
     |
  62 |             tracing::trace!("buffer already closed");
     |             ---------------------------------------- in this macro invocation
     |
     = note: this error originates in the macro `tracing::trace` (in Nightly builds, run with -Z macro-backtrace for more info)

error[E0080]: compilation was interrupted
    --> /Users/insert/.cargo/registry/src/index.crates.io-1949cf8c6b5b557f/tracing-0.1.44/src/macros.rs:2807:17
     |
2807 |         $lvl <= $crate::level_filters::STATIC_MAX_LEVEL
     |                 ^^^^^^^^^^^^^^^^^^^^^^^^^^^^^^^^^^^^^^^ evaluation of `tower::buffer::worker::Worker::<tower::util::Either<transport::service::connection::Connection, tower::util::BoxService<http::Request<http_body::combinators::UnsyncBoxBody<bytes::Bytes, status::Status>>, http::Response<hyper::Body>, std::boxed::Box<dyn std::error::Error + std::marker::Send + std::marker::Sync>>>, http::Request<http_body::combinators::UnsyncBoxBody<bytes::Bytes, status::Status>>>::close_semaphore` failed here
     |
    ::: /Users/insert/.cargo/registry/src/index.crates.io-1949cf8c6b5b557f/tower-0.4.13/src/buffer/worker.rs:62:13
     |
  62 |             tracing::trace!("buffer already closed");
     |             ---------------------------------------- in this macro invocation
     |
     = note: this error originates in the macro `$crate::level_enabled` which comes from the expansion of the macro `tracing::trace` (in Nightly builds, run with -Z macro-backtrace for more info)

error[E0080]: compilation was interrupted
   --> /Users/insert/.cargo/registry/src/index.crates.io-1949cf8c6b5b557f/tracing-0.1.44/src/macros.rs:902:13
    |
902 | /             (|value_set: $crate::field::ValueSet| {
903 | |                 let meta = __CALLSITE.metadata();
904 | |                 // event with contextual parent
905 | |                 $crate::Event::dispatch(
...   |
913 | |                 );
914 | |             })($crate::valueset_all!(__CALLSITE.metadata().fields(), $($fields)*));
    | |______________^ evaluation of `tower::buffer::worker::Worker::<tower::util::Either<transport::service::connection::Connection, tower::util::BoxService<http::Request<http_body::combinators::UnsyncBoxBody<bytes::Bytes, status::Status>>, http::Response<hyper::Body>, std::boxed::Box<dyn std::error::Error + std::marker::Send + std::marker::Sync>>>, http::Request<http_body::combinators::UnsyncBoxBody<bytes::Bytes, status::Status>>>::close_semaphore` failed here
    |
   ::: /Users/insert/.cargo/registry/src/index.crates.io-1949cf8c6b5b557f/tower-0.4.13/src/buffer/worker.rs:62:13
    |
 62 |               tracing::trace!("buffer already closed");
    |               ---------------------------------------- in this macro invocation
    |
    = note: this error originates in the macro `$crate::event` which comes from the expansion of the macro `tracing::trace` (in Nightly builds, run with -Z macro-backtrace for more info)

error[E0080]: compilation was interrupted
  --> /Users/insert/.cargo/registry/src/index.crates.io-1949cf8c6b5b557f/http-1.5.0/src/method.rs:72:36
   |
72 |     pub const GET: Method = Method(Get);
   |                                    ^^^ evaluation of `http::Method::GET` failed here

error[E0080]: compilation was interrupted
  --> /Users/insert/.cargo/registry/src/index.crates.io-1949cf8c6b5b557f/http-1.5.0/src/method.rs:75:37
   |
75 |     pub const POST: Method = Method(Post);
   |                                     ^^^^ evaluation of `http::Method::POST` failed here

error[E0080]: compilation was interrupted
  --> /Users/insert/.cargo/registry/src/index.crates.io-1949cf8c6b5b557f/http-1.5.0/src/method.rs:78:36
   |
78 |     pub const PUT: Method = Method(Put);
   |                                    ^^^ evaluation of `http::Method::PUT` failed here

error[E0080]: compilation was interrupted
  --> /Users/insert/.cargo/registry/src/index.crates.io-1949cf8c6b5b557f/http-1.5.0/src/method.rs:93:38
   |
93 |     pub const PATCH: Method = Method(Patch);
   |                                      ^^^^^ evaluation of `http::Method::PATCH` failed here

error[E0080]: compilation was interrupted
  --> /Users/insert/.cargo/registry/src/index.crates.io-1949cf8c6b5b557f/http-1.5.0/src/method.rs:81:39
   |
81 |     pub const DELETE: Method = Method(Delete);
   |                                       ^^^^^^ evaluation of `http::Method::DELETE` failed here

error[E0080]: compilation was interrupted
  --> /Users/insert/.cargo/registry/src/index.crates.io-1949cf8c6b5b557f/http-1.5.0/src/method.rs:84:37
   |
84 |     pub const HEAD: Method = Method(Head);
   |                                     ^^^^ evaluation of `http::Method::HEAD` failed here

error[E0080]: compilation was interrupted
    --> /Users/insert/.cargo/registry/src/index.crates.io-1949cf8c6b5b557f/reqwest-0.12.28/src/async_impl/client.rs:2581:28
     |
2581 |         if url.scheme() != "http" && url.scheme() != "https" {
     |                            ^^^^^^ evaluation of `async_impl::client::Client::execute_request` failed here

error[E0080]: compilation was interrupted
    --> /Users/insert/.cargo/registry/src/index.crates.io-1949cf8c6b5b557f/reqwest-0.12.28/src/async_impl/client.rs:2581:54
     |
2581 |         if url.scheme() != "http" && url.scheme() != "https" {
     |                                                      ^^^^^^^ evaluation of `async_impl::client::Client::execute_request` failed here

error[E0080]: compilation was interrupted
    --> /Users/insert/.cargo/registry/src/index.crates.io-1949cf8c6b5b557f/reqwest-0.12.28/src/async_impl/client.rs:2586:53
     |
2586 |         if self.inner.https_only && url.scheme() != "https" {
     |                                                     ^^^^^^^ evaluation of `async_impl::client::Client::execute_request` failed here

error[E0080]: compilation was interrupted
  --> /Users/insert/.cargo/registry/src/index.crates.io-1949cf8c6b5b557f/http-1.5.0/src/uri/scheme.rs:33:34
   |
33 |         inner: Scheme2::Standard(Protocol::Http),
   |                                  ^^^^^^^^^^^^^^ evaluation of `http::uri::Scheme::HTTP` failed here

error[E0080]: compilation was interrupted
   --> /Users/insert/.cargo/registry/src/index.crates.io-1949cf8c6b5b557f/http-1.5.0/src/header/name.rs:82:39
    |
 82 |                   inner: Repr::Standard(StandardHeader::$konst),
    |                                         ^^^^^^^^^^^^^^^^^^^^^^ evaluation of `http::header::PROXY_AUTHORIZATION` failed here
...
156 | / standard_headers! {
157 | |     /// Advertises which content types the client is able to understand.
158 | |     ///
159 | |     /// The Accept request HTTP header advertises which content types, expressed
...   |
989 | |     (XXssProtection, X_XSS_PROTECTION, b"x-xss-protection");
990 | | }
    | |_- in this macro invocation
    |
    = note: this error originates in the macro `standard_headers` (in Nightly builds, run with -Z macro-backtrace for more info)

error[E0080]: compilation was interrupted
    --> /Users/insert/.cargo/registry/src/index.crates.io-1949cf8c6b5b557f/tracing-0.1.44/src/macros.rs:3312:43
     |
3312 |         if $crate::level_to_log!($lvl) <= $crate::log::STATIC_MAX_LEVEL {
     |                                           ^^^^^^^^^^^^^^^^^^^^^^^^^^^^^ evaluation of `tower::buffer::worker::Worker::<tower::util::Either<transport::service::connection::Connection, tower::util::BoxService<http::Request<http_body::combinators::UnsyncBoxBody<bytes::Bytes, status::Status>>, http::Response<hyper::Body>, std::boxed::Box<dyn std::error::Error + std::marker::Send + std::marker::Sync>>>, http::Request<http_body::combinators::UnsyncBoxBody<bytes::Bytes, status::Status>>>::close_semaphore` failed here
     |
    ::: /Users/insert/.cargo/registry/src/index.crates.io-1949cf8c6b5b557f/tower-0.4.13/src/buffer/worker.rs:62:13
     |
  62 |             tracing::trace!("buffer already closed");
     |             ---------------------------------------- in this macro invocation
     |
     = note: this error originates in the macro `$crate::if_log_enabled` which comes from the expansion of the macro `tracing::trace` (in Nightly builds, run with -Z macro-backtrace for more info)

note: the above error was encountered while instantiating `fn Worker::<Either<Connection, ...>, ...>::close_semaphore`
   --> /Users/insert/.cargo/registry/src/index.crates.io-1949cf8c6b5b557f/tower-0.4.13/src/buffer/worker.rs:225:29
    |
225 | ...                   self.close_semaphore();
    |                       ^^^^^^^^^^^^^^^^^^^^^^
    |
    = note: the full name for the type has been written to '/Users/insert/Cockatiel/target/debug/deps/tonic-d903f3f35ee752c8.long-type-11314531580460880150.txt'
    = note: consider using `--verbose` to print the full type name to the console

error[E0080]: compilation was interrupted
    --> /Users/insert/.cargo/registry/src/index.crates.io-1949cf8c6b5b557f/tracing-0.1.44/src/macros.rs:3312:43
     |
3312 |         if $crate::level_to_log!($lvl) <= $crate::log::STATIC_MAX_LEVEL {
     |                                           ^^^^^^^^^^^^^^^^^^^^^^^^^^^^^ evaluation of `tower::buffer::worker::Worker::<tower::util::Either<transport::service::connection::Connection, tower::util::BoxService<http::Request<http_body::combinators::UnsyncBoxBody<bytes::Bytes, status::Status>>, http::Response<hyper::Body>, std::boxed::Box<dyn std::error::Error + std::marker::Send + std::marker::Sync>>>, http::Request<http_body::combinators::UnsyncBoxBody<bytes::Bytes, status::Status>>>::close_semaphore::{closure#0}` failed here
     |
    ::: /Users/insert/.cargo/registry/src/index.crates.io-1949cf8c6b5b557f/tower-0.4.13/src/buffer/worker.rs:59:13
     |
  59 |             tracing::debug!("buffer closing; waking pending tasks");
     |             ------------------------------------------------------- in this macro invocation
     |
     = note: this error originates in the macro `$crate::if_log_enabled` which comes from the expansion of the macro `tracing::debug` (in Nightly builds, run with -Z macro-backtrace for more info)

note: the above error was encountered while instantiating `fn Worker::<Either<..., ...>, ...>::close_semaphore::{closure#0}`
   --> /Users/insert/.cargo/registry/src/index.crates.io-1949cf8c6b5b557f/tracing-0.1.44/src/macros.rs:902:13
    |
902 | /             (|value_set: $crate::field::ValueSet| {
903 | |                 let meta = __CALLSITE.metadata();
904 | |                 // event with contextual parent
905 | |                 $crate::Event::dispatch(
...   |
913 | |                 );
914 | |             })($crate::valueset_all!(__CALLSITE.metadata().fields(), $($fields)*));
    | |__________________________________________________________________________________^
    |
   ::: /Users/insert/.cargo/registry/src/index.crates.io-1949cf8c6b5b557f/tower-0.4.13/src/buffer/worker.rs:59:13
    |
 59 |               tracing::debug!("buffer closing; waking pending tasks");
    |               ------------------------------------------------------- in this macro invocation
    |
    = note: the full name for the type has been written to '/Users/insert/Cockatiel/target/debug/deps/tonic-d903f3f35ee752c8.long-type-16456059943671587874.txt'
    = note: consider using `--verbose` to print the full type name to the console
    = note: this note originates in the macro `$crate::event` which comes from the expansion of the macro `tracing::debug` (in Nightly builds, run with -Z macro-backtrace for more info)

error[E0080]: compilation was interrupted
    --> /Users/insert/.cargo/registry/src/index.crates.io-1949cf8c6b5b557f/tracing-0.1.44/src/macros.rs:3312:43
     |
3312 |         if $crate::level_to_log!($lvl) <= $crate::log::STATIC_MAX_LEVEL {
     |                                           ^^^^^^^^^^^^^^^^^^^^^^^^^^^^^ evaluation of `tower::buffer::worker::Worker::<tower::util::Either<transport::service::connection::Connection, tower::util::BoxService<http::Request<http_body::combinators::UnsyncBoxBody<bytes::Bytes, status::Status>>, http::Response<hyper::Body>, std::boxed::Box<dyn std::error::Error + std::marker::Send + std::marker::Sync>>>, http::Request<http_body::combinators::UnsyncBoxBody<bytes::Bytes, status::Status>>>::close_semaphore::{closure#1}` failed here
     |
    ::: /Users/insert/.cargo/registry/src/index.crates.io-1949cf8c6b5b557f/tower-0.4.13/src/buffer/worker.rs:62:13
     |
  62 |             tracing::trace!("buffer already closed");
     |             ---------------------------------------- in this macro invocation
     |
     = note: this error originates in the macro `$crate::if_log_enabled` which comes from the expansion of the macro `tracing::trace` (in Nightly builds, run with -Z macro-backtrace for more info)

note: the above error was encountered while instantiating `fn Worker::<Either<..., ...>, ...>::close_semaphore::{closure#1}`
   --> /Users/insert/.cargo/registry/src/index.crates.io-1949cf8c6b5b557f/tracing-0.1.44/src/macros.rs:902:13
    |
902 | /             (|value_set: $crate::field::ValueSet| {
903 | |                 let meta = __CALLSITE.metadata();
904 | |                 // event with contextual parent
905 | |                 $crate::Event::dispatch(
...   |
913 | |                 );
914 | |             })($crate::valueset_all!(__CALLSITE.metadata().fields(), $($fields)*));
    | |__________________________________________________________________________________^
    |
   ::: /Users/insert/.cargo/registry/src/index.crates.io-1949cf8c6b5b557f/tower-0.4.13/src/buffer/worker.rs:62:13
    |
 62 |               tracing::trace!("buffer already closed");
    |               ---------------------------------------- in this macro invocation
    |
    = note: the full name for the type has been written to '/Users/insert/Cockatiel/target/debug/deps/tonic-d903f3f35ee752c8.long-type-2608322618486277143.txt'
    = note: consider using `--verbose` to print the full type name to the console
    = note: this note originates in the macro `$crate::event` which comes from the expansion of the macro `tracing::trace` (in Nightly builds, run with -Z macro-backtrace for more info)

error[E0080]: compilation was interrupted
    --> /Users/insert/.cargo/registry/src/index.crates.io-1949cf8c6b5b557f/reqwest-0.12.28/src/async_impl/client.rs:2770:32
     |
2770 |             f.field("referer", &true);
     |                                ^^^^^ evaluation of `async_impl::client::Config::fmt_fields` failed here

error[E0080]: compilation was interrupted
    --> /Users/insert/.cargo/registry/src/index.crates.io-1949cf8c6b5b557f/reqwest-0.12.28/src/async_impl/client.rs:2776:49
     |
2776 |             f.field("http1_title_case_headers", &true);
     |                                                 ^^^^^ evaluation of `async_impl::client::Config::fmt_fields` failed here

error[E0080]: compilation was interrupted
    --> /Users/insert/.cargo/registry/src/index.crates.io-1949cf8c6b5b557f/reqwest-0.12.28/src/async_impl/client.rs:2780:76
     |
2780 |             f.field("http1_allow_obsolete_multiline_headers_in_responses", &true);
     |                                                                            ^^^^^ evaluation of `async_impl::client::Config::fmt_fields` failed here

error[E0080]: compilation was interrupted
    --> /Users/insert/.cargo/registry/src/index.crates.io-1949cf8c6b5b557f/reqwest-0.12.28/src/async_impl/client.rs:2784:66
     |
2784 |             f.field("http1_ignore_invalid_headers_in_responses", &true);
     |                                                                  ^^^^^ evaluation of `async_impl::client::Config::fmt_fields` failed here

error[E0080]: compilation was interrupted
    --> /Users/insert/.cargo/registry/src/index.crates.io-1949cf8c6b5b557f/reqwest-0.12.28/src/async_impl/client.rs:2788:74
     |
2788 |             f.field("http1_allow_spaces_after_header_name_in_responses", &true);
     |                                                                          ^^^^^ evaluation of `async_impl::client::Config::fmt_fields` failed here

error[E0080]: compilation was interrupted
    --> /Users/insert/.cargo/registry/src/index.crates.io-1949cf8c6b5b557f/reqwest-0.12.28/src/async_impl/client.rs:2792:35
     |
2792 |             f.field("http1_only", &true);
     |                                   ^^^^^ evaluation of `async_impl::client::Config::fmt_fields` failed here

error[E0080]: compilation was interrupted
    --> /Users/insert/.cargo/registry/src/index.crates.io-1949cf8c6b5b557f/reqwest-0.12.28/src/async_impl/client.rs:2797:46
     |
2797 |             f.field("http2_prior_knowledge", &true);
     |                                              ^^^^^ evaluation of `async_impl::client::Config::fmt_fields` failed here

error[E0080]: compilation was interrupted
    --> /Users/insert/.cargo/registry/src/index.crates.io-1949cf8c6b5b557f/reqwest-0.12.28/src/async_impl/client.rs:2829:36
     |
2829 |             f.field("tcp_nodelay", &true);
     |                                    ^^^^^ evaluation of `async_impl::client::Config::fmt_fields` failed here

error[E0080]: compilation was interrupted
    --> /Users/insert/.cargo/registry/src/index.crates.io-1949cf8c6b5b557f/reqwest-0.12.28/src/async_impl/client.rs:2842:56
     |
2842 |                 f.field("danger_accept_invalid_certs", &true);
     |                                                        ^^^^^ evaluation of `async_impl::client::Config::fmt_fields` failed here

error[E0080]: compilation was interrupted
    --> /Users/insert/.cargo/registry/src/index.crates.io-1949cf8c6b5b557f/reqwest-0.12.28/src/async_impl/client.rs:2835:60
     |
2835 |                 f.field("danger_accept_invalid_hostnames", &true);
     |                                                            ^^^^^ evaluation of `async_impl::client::Config::fmt_fields` failed here

error[E0080]: compilation was interrupted
    --> /Users/insert/.cargo/registry/src/index.crates.io-1949cf8c6b5b557f/reqwest-0.12.28/src/async_impl/client.rs:2952:32
     |
2952 |             f.field("referer", &true);
     |                                ^^^^^ evaluation of `async_impl::client::ClientRef::fmt_fields` failed here

error[E0080]: compilation was interrupted
 --> /rustc/8bab26f4f68e0e26f0bb7960be334d5b520ea452/library/core/src/mem/mod.rs:1379:24
  |
  = note: evaluation of `<tower::util::MapFuture<transport::service::add_origin::AddOrigin<transport::service::user_agent::UserAgent<transport::service::grpc_timeout::GrpcTimeout<tower::util::Either<tower::limit::ConcurrencyLimit<tower::util::Either<tower::limit::RateLimit<transport::service::reconnect::Reconnect<hyper::client::service::Connect<transport::service::connector::Connector<hyper::client::HttpConnector>, http_body::combinators::UnsyncBoxBody<bytes::Bytes, status::Status>, http::Uri>, http::Uri>>, transport::service::reconnect::Reconnect<hyper::client::service::Connect<transport::service::connector::Connector<hyper::client::HttpConnector>, http_body::combinators::UnsyncBoxBody<bytes::Bytes, status::Status>, http::Uri>, http::Uri>>>, tower::util::Either<tower::limit::RateLimit<transport::service::reconnect::Reconnect<hyper::client::service::Connect<transport::service::connector::Connector<hyper::client::HttpConnector>, http_body::combinators::UnsyncBoxBody<bytes::Bytes, status::Status>, http::Uri>, http::Uri>>, transport::service::reconnect::Reconnect<hyper::client::service::Connect<transport::service::connector::Connector<hyper::client::HttpConnector>, http_body::combinators::UnsyncBoxBody<bytes::Bytes, status::Status>, http::Uri>, http::Uri>>>>>>, {closure@tower::util::BoxService<http::Request<http_body::combinators::UnsyncBoxBody<bytes::Bytes, status::Status>>, http::Response<hyper::Body>, std::boxed::Box<dyn std::error::Error + std::marker::Send + std::marker::Sync>>::new<transport::service::add_origin::AddOrigin<transport::service::user_agent::UserAgent<transport::service::grpc_timeout::GrpcTimeout<tower::util::Either<tower::limit::ConcurrencyLimit<tower::util::Either<tower::limit::RateLimit<transport::service::reconnect::Reconnect<hyper::client::service::Connect<transport::service::connector::Connector<hyper::client::HttpConnector>, http_body::combinators::UnsyncBoxBody<bytes::Bytes, status::Status>, http::Uri>, http::Uri>>, transport::service::reconnect::Reconnect<hyper::client::service::Connect<transport::service::connector::Connector<hyper::client::HttpConnector>, http_body::combinators::UnsyncBoxBody<bytes::Bytes, status::Status>, http::Uri>, http::Uri>>>, tower::util::Either<tower::limit::RateLimit<transport::service::reconnect::Reconnect<hyper::client::service::Connect<transport::service::connector::Connector<hyper::client::HttpConnector>, http_body::combinators::UnsyncBoxBody<bytes::Bytes, status::Status>, http::Uri>, http::Uri>>, transport::service::reconnect::Reconnect<hyper::client::service::Connect<transport::service::connector::Connector<hyper::client::HttpConnector>, http_body::combinators::UnsyncBoxBody<bytes::Bytes, status::Status>, http::Uri>, http::Uri>>>>>>>::{closure#0}}> as std::mem::SizedTypeProperties>::SIZE` failed here

note: the above error was encountered while instantiating `fn Box::<MapFuture<AddOrigin<UserAgent<...>>, ...>>::new`
  --> /Users/insert/.cargo/registry/src/index.crates.io-1949cf8c6b5b557f/tower-0.4.13/src/util/boxed/sync.rs:39:21
   |
39 |         let inner = Box::new(inner.map_future(|f: S::Future| Box::pin(f) as _));
   |                     ^^^^^^^^^^^^^^^^^^^^^^^^^^^^^^^^^^^^^^^^^^^^^^^^^^^^^^^^^^^
   |
   = note: the full name for the type has been written to '/Users/insert/Cockatiel/target/debug/deps/tonic-d903f3f35ee752c8.long-type-7893972363619471559.txt'
   = note: consider using `--verbose` to print the full type name to the console

error[E0080]: compilation was interrupted
   --> /Users/insert/.cargo/registry/src/index.crates.io-1949cf8c6b5b557f/http-1.5.0/src/header/name.rs:82:39
    |
 82 |                   inner: Repr::Standard(StandardHeader::$konst),
    |                                         ^^^^^^^^^^^^^^^^^^^^^^ evaluation of `http::header::AUTHORIZATION` failed here
...
156 | / standard_headers! {
157 | |     /// Advertises which content types the client is able to understand.
158 | |     ///
159 | |     /// The Accept request HTTP header advertises which content types, expressed
...   |
989 | |     (XXssProtection, X_XSS_PROTECTION, b"x-xss-protection");
990 | | }
    | |_- in this macro invocation
    |
    = note: this error originates in the macro `standard_headers` (in Nightly builds, run with -Z macro-backtrace for more info)

error[E0080]: compilation was interrupted
   --> /Users/insert/.cargo/registry/src/index.crates.io-1949cf8c6b5b557f/http-1.5.0/src/header/name.rs:82:39
    |
 82 |                   inner: Repr::Standard(StandardHeader::$konst),
    |                                         ^^^^^^^^^^^^^^^^^^^^^^ evaluation of `http::header::CONTENT_TYPE` failed here
...
156 | / standard_headers! {
157 | |     /// Advertises which content types the client is able to understand.
158 | |     ///
159 | |     /// The Accept request HTTP header advertises which content types, expressed
...   |
989 | |     (XXssProtection, X_XSS_PROTECTION, b"x-xss-protection");
990 | | }
    | |_- in this macro invocation
    |
    = note: this error originates in the macro `standard_headers` (in Nightly builds, run with -Z macro-backtrace for more info)

error[E0080]: compilation was interrupted
   --> /Users/insert/.cargo/registry/src/index.crates.io-1949cf8c6b5b557f/tonic-0.11.0/src/transport/service/reconnect.rs:113:21
    |
113 |                     trace!("poll_ready; connected");
    |                     ^^^^^^^^^^^^^^^^^^^^^^^^^^^^^^^ evaluation of `<transport::service::reconnect::Reconnect<hyper::client::service::Connect<transport::service::connector::Connector<hyper::client::HttpConnector>, http_body::combinators::UnsyncBoxBody<bytes::Bytes, status::Status>, http::Uri>, http::Uri> as tower_service::Service<http::Request<http_body::combinators::UnsyncBoxBody<bytes::Bytes, status::Status>>>>::poll_ready` failed here
    |
    = note: this error originates in the macro `trace` (in Nightly builds, run with -Z macro-backtrace for more info)

error[E0080]: compilation was interrupted
   --> /Users/insert/.cargo/registry/src/index.crates.io-1949cf8c6b5b557f/tonic-0.11.0/src/transport/service/reconnect.rs:113:21
    |
113 |                     trace!("poll_ready; connected");
    |                     ^^^^^^^^^^^^^^^^^^^^^^^^^^^^^^^ evaluation of `<transport::service::reconnect::Reconnect<hyper::client::service::Connect<transport::service::connector::Connector<hyper::client::HttpConnector>, http_body::combinators::UnsyncBoxBody<bytes::Bytes, status::Status>, http::Uri>, http::Uri> as tower_service::Service<http::Request<http_body::combinators::UnsyncBoxBody<bytes::Bytes, status::Status>>>>::poll_ready` failed here
    |
    = note: this error originates in the macro `$crate::level_enabled` which comes from the expansion of the macro `trace` (in Nightly builds, run with -Z macro-backtrace for more info)

error[E0080]: compilation was interrupted
  --> /Users/insert/.cargo/registry/src/index.crates.io-1949cf8c6b5b557f/tonic-0.11.0/src/transport/service/reconnect.rs:87:21
   |
87 |                     trace!("poll_ready; connecting");
   |                     ^^^^^^^^^^^^^^^^^^^^^^^^^^^^^^^^ evaluation of `<transport::service::reconnect::Reconnect<hyper::client::service::Connect<transport::service::connector::Connector<hyper::client::HttpConnector>, http_body::combinators::UnsyncBoxBody<bytes::Bytes, status::Status>, http::Uri>, http::Uri> as tower_service::Service<http::Request<http_body::combinators::UnsyncBoxBody<bytes::Bytes, status::Status>>>>::poll_ready` failed here
   |
   = note: this error originates in the macro `trace` (in Nightly builds, run with -Z macro-backtrace for more info)

error[E0080]: compilation was interrupted
  --> /Users/insert/.cargo/registry/src/index.crates.io-1949cf8c6b5b557f/tonic-0.11.0/src/transport/service/reconnect.rs:87:21
   |
87 |                     trace!("poll_ready; connecting");
   |                     ^^^^^^^^^^^^^^^^^^^^^^^^^^^^^^^^ evaluation of `<transport::service::reconnect::Reconnect<hyper::client::service::Connect<transport::service::connector::Connector<hyper::client::HttpConnector>, http_body::combinators::UnsyncBoxBody<bytes::Bytes, status::Status>, http::Uri>, http::Uri> as tower_service::Service<http::Request<http_body::combinators::UnsyncBoxBody<bytes::Bytes, status::Status>>>>::poll_ready` failed here
   |
   = note: this error originates in the macro `$crate::level_enabled` which comes from the expansion of the macro `trace` (in Nightly builds, run with -Z macro-backtrace for more info)

error[E0080]: compilation was interrupted
  --> /Users/insert/.cargo/registry/src/index.crates.io-1949cf8c6b5b557f/tonic-0.11.0/src/transport/service/reconnect.rs:73:21
   |
73 |                     trace!("poll_ready; idle");
   |                     ^^^^^^^^^^^^^^^^^^^^^^^^^^ evaluation of `<transport::service::reconnect::Reconnect<hyper::client::service::Connect<transport::service::connector::Connector<hyper::client::HttpConnector>, http_body::combinators::UnsyncBoxBody<bytes::Bytes, status::Status>, http::Uri>, http::Uri> as tower_service::Service<http::Request<http_body::combinators::UnsyncBoxBody<bytes::Bytes, status::Status>>>>::poll_ready` failed here
   |
   = note: this error originates in the macro `trace` (in Nightly builds, run with -Z macro-backtrace for more info)

error[E0080]: compilation was interrupted
  --> /Users/insert/.cargo/registry/src/index.crates.io-1949cf8c6b5b557f/tonic-0.11.0/src/transport/service/reconnect.rs:73:21
   |
73 |                     trace!("poll_ready; idle");
   |                     ^^^^^^^^^^^^^^^^^^^^^^^^^^ evaluation of `<transport::service::reconnect::Reconnect<hyper::client::service::Connect<transport::service::connector::Connector<hyper::client::HttpConnector>, http_body::combinators::UnsyncBoxBody<bytes::Bytes, status::Status>, http::Uri>, http::Uri> as tower_service::Service<http::Request<http_body::combinators::UnsyncBoxBody<bytes::Bytes, status::Status>>>>::poll_ready` failed here
   |
   = note: this error originates in the macro `$crate::level_enabled` which comes from the expansion of the macro `trace` (in Nightly builds, run with -Z macro-backtrace for more info)

error[E0080]: compilation was interrupted
  --> /Users/insert/.cargo/registry/src/index.crates.io-1949cf8c6b5b557f/tonic-0.11.0/src/transport/service/reconnect.rs:73:21
   |
73 |                     trace!("poll_ready; idle");
   |                     ^^^^^^^^^^^^^^^^^^^^^^^^^^ evaluation of `<transport::service::reconnect::Reconnect<hyper::client::service::Connect<transport::service::connector::Connector<hyper::client::HttpConnector>, http_body::combinators::UnsyncBoxBody<bytes::Bytes, status::Status>, http::Uri>, http::Uri> as tower_service::Service<http::Request<http_body::combinators::UnsyncBoxBody<bytes::Bytes, status::Status>>>>::poll_ready` failed here
   |
   = note: this error originates in the macro `$crate::event` which comes from the expansion of the macro `trace` (in Nightly builds, run with -Z macro-backtrace for more info)

error[E0080]: compilation was interrupted
  --> /Users/insert/.cargo/registry/src/index.crates.io-1949cf8c6b5b557f/tonic-0.11.0/src/transport/service/reconnect.rs:73:21
   |
73 |                     trace!("poll_ready; idle");
   |                     ^^^^^^^^^^^^^^^^^^^^^^^^^^ evaluation of `<transport::service::reconnect::Reconnect<hyper::client::service::Connect<transport::service::connector::Connector<hyper::client::HttpConnector>, http_body::combinators::UnsyncBoxBody<bytes::Bytes, status::Status>, http::Uri>, http::Uri> as tower_service::Service<http::Request<http_body::combinators::UnsyncBoxBody<bytes::Bytes, status::Status>>>>::poll_ready` failed here
   |
   = note: this error originates in the macro `$crate::if_log_enabled` which comes from the expansion of the macro `trace` (in Nightly builds, run with -Z macro-backtrace for more info)

error[E0080]: compilation was interrupted
  --> /Users/insert/.cargo/registry/src/index.crates.io-1949cf8c6b5b557f/tonic-0.11.0/src/transport/service/reconnect.rs:77:29
   |
77 | ...                   trace!("poll_ready; MakeService not ready");
   |                       ^^^^^^^^^^^^^^^^^^^^^^^^^^^^^^^^^^^^^^^^^^^ evaluation of `<transport::service::reconnect::Reconnect<hyper::client::service::Connect<transport::service::connector::Connector<hyper::client::HttpConnector>, http_body::combinators::UnsyncBoxBody<bytes::Bytes, status::Status>, http::Uri>, http::Uri> as tower_service::Service<http::Request<http_body::combinators::UnsyncBoxBody<bytes::Bytes, status::Status>>>>::poll_ready` failed here
   |
   = note: this error originates in the macro `trace` (in Nightly builds, run with -Z macro-backtrace for more info)

error[E0080]: compilation was interrupted
  --> /Users/insert/.cargo/registry/src/index.crates.io-1949cf8c6b5b557f/tonic-0.11.0/src/transport/service/reconnect.rs:77:29
   |
77 | ...                   trace!("poll_ready; MakeService not ready");
   |                       ^^^^^^^^^^^^^^^^^^^^^^^^^^^^^^^^^^^^^^^^^^^ evaluation of `<transport::service::reconnect::Reconnect<hyper::client::service::Connect<transport::service::connector::Connector<hyper::client::HttpConnector>, http_body::combinators::UnsyncBoxBody<bytes::Bytes, status::Status>, http::Uri>, http::Uri> as tower_service::Service<http::Request<http_body::combinators::UnsyncBoxBody<bytes::Bytes, status::Status>>>>::poll_ready` failed here
   |
   = note: this error originates in the macro `$crate::level_enabled` which comes from the expansion of the macro `trace` (in Nightly builds, run with -Z macro-backtrace for more info)

error[E0080]: compilation was interrupted
  --> /Users/insert/.cargo/registry/src/index.crates.io-1949cf8c6b5b557f/tonic-0.11.0/src/transport/service/reconnect.rs:77:29
   |
77 | ...                   trace!("poll_ready; MakeService not ready");
   |                       ^^^^^^^^^^^^^^^^^^^^^^^^^^^^^^^^^^^^^^^^^^^ evaluation of `<transport::service::reconnect::Reconnect<hyper::client::service::Connect<transport::service::connector::Connector<hyper::client::HttpConnector>, http_body::combinators::UnsyncBoxBody<bytes::Bytes, status::Status>, http::Uri>, http::Uri> as tower_service::Service<http::Request<http_body::combinators::UnsyncBoxBody<bytes::Bytes, status::Status>>>>::poll_ready` failed here
   |
   = note: this error originates in the macro `$crate::event` which comes from the expansion of the macro `trace` (in Nightly builds, run with -Z macro-backtrace for more info)

error[E0080]: compilation was interrupted
  --> /Users/insert/.cargo/registry/src/index.crates.io-1949cf8c6b5b557f/tonic-0.11.0/src/transport/service/reconnect.rs:77:29
   |
77 | ...                   trace!("poll_ready; MakeService not ready");
   |                       ^^^^^^^^^^^^^^^^^^^^^^^^^^^^^^^^^^^^^^^^^^^ evaluation of `<transport::service::reconnect::Reconnect<hyper::client::service::Connect<transport::service::connector::Connector<hyper::client::HttpConnector>, http_body::combinators::UnsyncBoxBody<bytes::Bytes, status::Status>, http::Uri>, http::Uri> as tower_service::Service<http::Request<http_body::combinators::UnsyncBoxBody<bytes::Bytes, status::Status>>>>::poll_ready` failed here
   |
   = note: this error originates in the macro `$crate::if_log_enabled` which comes from the expansion of the macro `trace` (in Nightly builds, run with -Z macro-backtrace for more info)

error[E0080]: compilation was interrupted
  --> /Users/insert/.cargo/registry/src/index.crates.io-1949cf8c6b5b557f/tonic-0.11.0/src/transport/service/reconnect.rs:87:21
   |
87 |                     trace!("poll_ready; connecting");
   |                     ^^^^^^^^^^^^^^^^^^^^^^^^^^^^^^^^ evaluation of `<transport::service::reconnect::Reconnect<hyper::client::service::Connect<transport::service::connector::Connector<hyper::client::HttpConnector>, http_body::combinators::UnsyncBoxBody<bytes::Bytes, status::Status>, http::Uri>, http::Uri> as tower_service::Service<http::Request<http_body::combinators::UnsyncBoxBody<bytes::Bytes, status::Status>>>>::poll_ready` failed here
   |
   = note: this error originates in the macro `$crate::event` which comes from the expansion of the macro `trace` (in Nightly builds, run with -Z macro-backtrace for more info)

error[E0080]: compilation was interrupted
  --> /Users/insert/.cargo/registry/src/index.crates.io-1949cf8c6b5b557f/tonic-0.11.0/src/transport/service/reconnect.rs:87:21
   |
87 |                     trace!("poll_ready; connecting");
   |                     ^^^^^^^^^^^^^^^^^^^^^^^^^^^^^^^^ evaluation of `<transport::service::reconnect::Reconnect<hyper::client::service::Connect<transport::service::connector::Connector<hyper::client::HttpConnector>, http_body::combinators::UnsyncBoxBody<bytes::Bytes, status::Status>, http::Uri>, http::Uri> as tower_service::Service<http::Request<http_body::combinators::UnsyncBoxBody<bytes::Bytes, status::Status>>>>::poll_ready` failed here
   |
   = note: this error originates in the macro `$crate::if_log_enabled` which comes from the expansion of the macro `trace` (in Nightly builds, run with -Z macro-backtrace for more info)

error[E0080]: compilation was interrupted
  --> /Users/insert/.cargo/registry/src/index.crates.io-1949cf8c6b5b557f/tonic-0.11.0/src/transport/service/reconnect.rs:97:29
   |
97 | ...                   trace!("poll_ready; error");
   |                       ^^^^^^^^^^^^^^^^^^^^^^^^^^^ evaluation of `<transport::service::reconnect::Reconnect<hyper::client::service::Connect<transport::service::connector::Connector<hyper::client::HttpConnector>, http_body::combinators::UnsyncBoxBody<bytes::Bytes, status::Status>, http::Uri>, http::Uri> as tower_service::Service<http::Request<http_body::combinators::UnsyncBoxBody<bytes::Bytes, status::Status>>>>::poll_ready` failed here
   |
   = note: this error originates in the macro `trace` (in Nightly builds, run with -Z macro-backtrace for more info)

error[E0080]: compilation was interrupted
  --> /Users/insert/.cargo/registry/src/index.crates.io-1949cf8c6b5b557f/tonic-0.11.0/src/transport/service/reconnect.rs:97:29
   |
97 | ...                   trace!("poll_ready; error");
   |                       ^^^^^^^^^^^^^^^^^^^^^^^^^^^ evaluation of `<transport::service::reconnect::Reconnect<hyper::client::service::Connect<transport::service::connector::Connector<hyper::client::HttpConnector>, http_body::combinators::UnsyncBoxBody<bytes::Bytes, status::Status>, http::Uri>, http::Uri> as tower_service::Service<http::Request<http_body::combinators::UnsyncBoxBody<bytes::Bytes, status::Status>>>>::poll_ready` failed here
   |
   = note: this error originates in the macro `$crate::level_enabled` which comes from the expansion of the macro `trace` (in Nightly builds, run with -Z macro-backtrace for more info)

error[E0080]: compilation was interrupted
  --> /Users/insert/.cargo/registry/src/index.crates.io-1949cf8c6b5b557f/tonic-0.11.0/src/transport/service/reconnect.rs:93:29
   |
93 | ...                   trace!("poll_ready; not ready");
   |                       ^^^^^^^^^^^^^^^^^^^^^^^^^^^^^^^ evaluation of `<transport::service::reconnect::Reconnect<hyper::client::service::Connect<transport::service::connector::Connector<hyper::client::HttpConnector>, http_body::combinators::UnsyncBoxBody<bytes::Bytes, status::Status>, http::Uri>, http::Uri> as tower_service::Service<http::Request<http_body::combinators::UnsyncBoxBody<bytes::Bytes, status::Status>>>>::poll_ready` failed here
   |
   = note: this error originates in the macro `trace` (in Nightly builds, run with -Z macro-backtrace for more info)

error[E0080]: compilation was interrupted
  --> /Users/insert/.cargo/registry/src/index.crates.io-1949cf8c6b5b557f/tonic-0.11.0/src/transport/service/reconnect.rs:93:29
   |
93 | ...                   trace!("poll_ready; not ready");
   |                       ^^^^^^^^^^^^^^^^^^^^^^^^^^^^^^^ evaluation of `<transport::service::reconnect::Reconnect<hyper::client::service::Connect<transport::service::connector::Connector<hyper::client::HttpConnector>, http_body::combinators::UnsyncBoxBody<bytes::Bytes, status::Status>, http::Uri>, http::Uri> as tower_service::Service<http::Request<http_body::combinators::UnsyncBoxBody<bytes::Bytes, status::Status>>>>::poll_ready` failed here
   |
   = note: this error originates in the macro `$crate::level_enabled` which comes from the expansion of the macro `trace` (in Nightly builds, run with -Z macro-backtrace for more info)

error[E0080]: compilation was interrupted
  --> /Users/insert/.cargo/registry/src/index.crates.io-1949cf8c6b5b557f/tonic-0.11.0/src/transport/service/reconnect.rs:93:29
   |
93 | ...                   trace!("poll_ready; not ready");
   |                       ^^^^^^^^^^^^^^^^^^^^^^^^^^^^^^^ evaluation of `<transport::service::reconnect::Reconnect<hyper::client::service::Connect<transport::service::connector::Connector<hyper::client::HttpConnector>, http_body::combinators::UnsyncBoxBody<bytes::Bytes, status::Status>, http::Uri>, http::Uri> as tower_service::Service<http::Request<http_body::combinators::UnsyncBoxBody<bytes::Bytes, status::Status>>>>::poll_ready` failed here
   |
   = note: this error originates in the macro `$crate::event` which comes from the expansion of the macro `trace` (in Nightly builds, run with -Z macro-backtrace for more info)

error[E0080]: compilation was interrupted
  --> /Users/insert/.cargo/registry/src/index.crates.io-1949cf8c6b5b557f/tonic-0.11.0/src/transport/service/reconnect.rs:93:29
   |
93 | ...                   trace!("poll_ready; not ready");
   |                       ^^^^^^^^^^^^^^^^^^^^^^^^^^^^^^^ evaluation of `<transport::service::reconnect::Reconnect<hyper::client::service::Connect<transport::service::connector::Connector<hyper::client::HttpConnector>, http_body::combinators::UnsyncBoxBody<bytes::Bytes, status::Status>, http::Uri>, http::Uri> as tower_service::Service<http::Request<http_body::combinators::UnsyncBoxBody<bytes::Bytes, status::Status>>>>::poll_ready` failed here
   |
   = note: this error originates in the macro `$crate::if_log_enabled` which comes from the expansion of the macro `trace` (in Nightly builds, run with -Z macro-backtrace for more info)

error[E0080]: compilation was interrupted
  --> /Users/insert/.cargo/registry/src/index.crates.io-1949cf8c6b5b557f/tonic-0.11.0/src/transport/service/reconnect.rs:97:29
   |
97 | ...                   trace!("poll_ready; error");
   |                       ^^^^^^^^^^^^^^^^^^^^^^^^^^^ evaluation of `<transport::service::reconnect::Reconnect<hyper::client::service::Connect<transport::service::connector::Connector<hyper::client::HttpConnector>, http_body::combinators::UnsyncBoxBody<bytes::Bytes, status::Status>, http::Uri>, http::Uri> as tower_service::Service<http::Request<http_body::combinators::UnsyncBoxBody<bytes::Bytes, status::Status>>>>::poll_ready` failed here
   |
   = note: this error originates in the macro `$crate::event` which comes from the expansion of the macro `trace` (in Nightly builds, run with -Z macro-backtrace for more info)

error[E0080]: compilation was interrupted
  --> /Users/insert/.cargo/registry/src/index.crates.io-1949cf8c6b5b557f/tonic-0.11.0/src/transport/service/reconnect.rs:97:29
   |
97 | ...                   trace!("poll_ready; error");
   |                       ^^^^^^^^^^^^^^^^^^^^^^^^^^^ evaluation of `<transport::service::reconnect::Reconnect<hyper::client::service::Connect<transport::service::connector::Connector<hyper::client::HttpConnector>, http_body::combinators::UnsyncBoxBody<bytes::Bytes, status::Status>, http::Uri>, http::Uri> as tower_service::Service<http::Request<http_body::combinators::UnsyncBoxBody<bytes::Bytes, status::Status>>>>::poll_ready` failed here
   |
   = note: this error originates in the macro `$crate::if_log_enabled` which comes from the expansion of the macro `trace` (in Nightly builds, run with -Z macro-backtrace for more info)

error[E0080]: compilation was interrupted
   --> /Users/insert/.cargo/registry/src/index.crates.io-1949cf8c6b5b557f/tonic-0.11.0/src/transport/service/reconnect.rs:105:33
    |
105 | ...                   tracing::debug!("reconnect::poll_ready: {:?}", error);
    |                       ^^^^^^^^^^^^^^^^^^^^^^^^^^^^^^^^^^^^^^^^^^^^^^^^^^^^^ evaluation of `<transport::service::reconnect::Reconnect<hyper::client::service::Connect<transport::service::connector::Connector<hyper::client::HttpConnector>, http_body::combinators::UnsyncBoxBody<bytes::Bytes, status::Status>, http::Uri>, http::Uri> as tower_service::Service<http::Request<http_body::combinators::UnsyncBoxBody<bytes::Bytes, status::Status>>>>::poll_ready` failed here
    |
    = note: this error originates in the macro `tracing::debug` (in Nightly builds, run with -Z macro-backtrace for more info)

error[E0080]: compilation was interrupted
   --> /Users/insert/.cargo/registry/src/index.crates.io-1949cf8c6b5b557f/tonic-0.11.0/src/transport/service/reconnect.rs:105:33
    |
105 | ...                   tracing::debug!("reconnect::poll_ready: {:?}", error);
    |                       ^^^^^^^^^^^^^^^^^^^^^^^^^^^^^^^^^^^^^^^^^^^^^^^^^^^^^ evaluation of `<transport::service::reconnect::Reconnect<hyper::client::service::Connect<transport::service::connector::Connector<hyper::client::HttpConnector>, http_body::combinators::UnsyncBoxBody<bytes::Bytes, status::Status>, http::Uri>, http::Uri> as tower_service::Service<http::Request<http_body::combinators::UnsyncBoxBody<bytes::Bytes, status::Status>>>>::poll_ready` failed here
    |
    = note: this error originates in the macro `$crate::level_enabled` which comes from the expansion of the macro `tracing::debug` (in Nightly builds, run with -Z macro-backtrace for more info)

error[E0080]: compilation was interrupted
   --> /Users/insert/.cargo/registry/src/index.crates.io-1949cf8c6b5b557f/tonic-0.11.0/src/transport/service/reconnect.rs:105:33
    |
105 | ...                   tracing::debug!("reconnect::poll_ready: {:?}", error);
    |                       ^^^^^^^^^^^^^^^^^^^^^^^^^^^^^^^^^^^^^^^^^^^^^^^^^^^^^ evaluation of `<transport::service::reconnect::Reconnect<hyper::client::service::Connect<transport::service::connector::Connector<hyper::client::HttpConnector>, http_body::combinators::UnsyncBoxBody<bytes::Bytes, status::Status>, http::Uri>, http::Uri> as tower_service::Service<http::Request<http_body::combinators::UnsyncBoxBody<bytes::Bytes, status::Status>>>>::poll_ready` failed here
    |
    = note: this error originates in the macro `$crate::event` which comes from the expansion of the macro `tracing::debug` (in Nightly builds, run with -Z macro-backtrace for more info)

error[E0080]: compilation was interrupted
   --> /Users/insert/.cargo/registry/src/index.crates.io-1949cf8c6b5b557f/tonic-0.11.0/src/transport/service/reconnect.rs:105:33
    |
105 | ...                   tracing::debug!("reconnect::poll_ready: {:?}", error);
    |                       ^^^^^^^^^^^^^^^^^^^^^^^^^^^^^^^^^^^^^^^^^^^^^^^^^^^^^ evaluation of `<transport::service::reconnect::Reconnect<hyper::client::service::Connect<transport::service::connector::Connector<hyper::client::HttpConnector>, http_body::combinators::UnsyncBoxBody<bytes::Bytes, status::Status>, http::Uri>, http::Uri> as tower_service::Service<http::Request<http_body::combinators::UnsyncBoxBody<bytes::Bytes, status::Status>>>>::poll_ready` failed here
    |
    = note: this error originates in the macro `$crate::if_log_enabled` which comes from the expansion of the macro `tracing::debug` (in Nightly builds, run with -Z macro-backtrace for more info)

error[E0080]: compilation was interrupted
   --> /Users/insert/.cargo/registry/src/index.crates.io-1949cf8c6b5b557f/tonic-0.11.0/src/transport/service/reconnect.rs:113:21
    |
113 |                     trace!("poll_ready; connected");
    |                     ^^^^^^^^^^^^^^^^^^^^^^^^^^^^^^^ evaluation of `<transport::service::reconnect::Reconnect<hyper::client::service::Connect<transport::service::connector::Connector<hyper::client::HttpConnector>, http_body::combinators::UnsyncBoxBody<bytes::Bytes, status::Status>, http::Uri>, http::Uri> as tower_service::Service<http::Request<http_body::combinators::UnsyncBoxBody<bytes::Bytes, status::Status>>>>::poll_ready` failed here
    |
    = note: this error originates in the macro `$crate::event` which comes from the expansion of the macro `trace` (in Nightly builds, run with -Z macro-backtrace for more info)

error[E0080]: compilation was interrupted
   --> /Users/insert/.cargo/registry/src/index.crates.io-1949cf8c6b5b557f/tonic-0.11.0/src/transport/service/reconnect.rs:113:21
    |
113 |                     trace!("poll_ready; connected");
    |                     ^^^^^^^^^^^^^^^^^^^^^^^^^^^^^^^ evaluation of `<transport::service::reconnect::Reconnect<hyper::client::service::Connect<transport::service::connector::Connector<hyper::client::HttpConnector>, http_body::combinators::UnsyncBoxBody<bytes::Bytes, status::Status>, http::Uri>, http::Uri> as tower_service::Service<http::Request<http_body::combinators::UnsyncBoxBody<bytes::Bytes, status::Status>>>>::poll_ready` failed here
    |
    = note: this error originates in the macro `$crate::if_log_enabled` which comes from the expansion of the macro `trace` (in Nightly builds, run with -Z macro-backtrace for more info)

error[E0080]: compilation was interrupted
   --> /Users/insert/.cargo/registry/src/index.crates.io-1949cf8c6b5b557f/tonic-0.11.0/src/transport/service/reconnect.rs:127:29
    |
127 | ...                   trace!("poll_ready; error");
    |                       ^^^^^^^^^^^^^^^^^^^^^^^^^^^ evaluation of `<transport::service::reconnect::Reconnect<hyper::client::service::Connect<transport::service::connector::Connector<hyper::client::HttpConnector>, http_body::combinators::UnsyncBoxBody<bytes::Bytes, status::Status>, http::Uri>, http::Uri> as tower_service::Service<http::Request<http_body::combinators::UnsyncBoxBody<bytes::Bytes, status::Status>>>>::poll_ready` failed here
    |
    = note: this error originates in the macro `trace` (in Nightly builds, run with -Z macro-backtrace for more info)

error[E0080]: compilation was interrupted
   --> /Users/insert/.cargo/registry/src/index.crates.io-1949cf8c6b5b557f/tonic-0.11.0/src/transport/service/reconnect.rs:127:29
    |
127 | ...                   trace!("poll_ready; error");
    |                       ^^^^^^^^^^^^^^^^^^^^^^^^^^^ evaluation of `<transport::service::reconnect::Reconnect<hyper::client::service::Connect<transport::service::connector::Connector<hyper::client::HttpConnector>, http_body::combinators::UnsyncBoxBody<bytes::Bytes, status::Status>, http::Uri>, http::Uri> as tower_service::Service<http::Request<http_body::combinators::UnsyncBoxBody<bytes::Bytes, status::Status>>>>::poll_ready` failed here
    |
    = note: this error originates in the macro `$crate::level_enabled` which comes from the expansion of the macro `trace` (in Nightly builds, run with -Z macro-backtrace for more info)

error[E0080]: compilation was interrupted
   --> /Users/insert/.cargo/registry/src/index.crates.io-1949cf8c6b5b557f/tonic-0.11.0/src/transport/service/reconnect.rs:123:29
    |
123 | ...                   trace!("poll_ready; not ready");
    |                       ^^^^^^^^^^^^^^^^^^^^^^^^^^^^^^^ evaluation of `<transport::service::reconnect::Reconnect<hyper::client::service::Connect<transport::service::connector::Connector<hyper::client::HttpConnector>, http_body::combinators::UnsyncBoxBody<bytes::Bytes, status::Status>, http::Uri>, http::Uri> as tower_service::Service<http::Request<http_body::combinators::UnsyncBoxBody<bytes::Bytes, status::Status>>>>::poll_ready` failed here
    |
    = note: this error originates in the macro `trace` (in Nightly builds, run with -Z macro-backtrace for more info)

error[E0080]: compilation was interrupted
   --> /Users/insert/.cargo/registry/src/index.crates.io-1949cf8c6b5b557f/tonic-0.11.0/src/transport/service/reconnect.rs:123:29
    |
123 | ...                   trace!("poll_ready; not ready");
    |                       ^^^^^^^^^^^^^^^^^^^^^^^^^^^^^^^ evaluation of `<transport::service::reconnect::Reconnect<hyper::client::service::Connect<transport::service::connector::Connector<hyper::client::HttpConnector>, http_body::combinators::UnsyncBoxBody<bytes::Bytes, status::Status>, http::Uri>, http::Uri> as tower_service::Service<http::Request<http_body::combinators::UnsyncBoxBody<bytes::Bytes, status::Status>>>>::poll_ready` failed here
    |
    = note: this error originates in the macro `$crate::level_enabled` which comes from the expansion of the macro `trace` (in Nightly builds, run with -Z macro-backtrace for more info)

error[E0080]: compilation was interrupted
   --> /Users/insert/.cargo/registry/src/index.crates.io-1949cf8c6b5b557f/tonic-0.11.0/src/transport/service/reconnect.rs:119:29
    |
119 | ...                   trace!("poll_ready; ready");
    |                       ^^^^^^^^^^^^^^^^^^^^^^^^^^^ evaluation of `<transport::service::reconnect::Reconnect<hyper::client::service::Connect<transport::service::connector::Connector<hyper::client::HttpConnector>, http_body::combinators::UnsyncBoxBody<bytes::Bytes, status::Status>, http::Uri>, http::Uri> as tower_service::Service<http::Request<http_body::combinators::UnsyncBoxBody<bytes::Bytes, status::Status>>>>::poll_ready` failed here
    |
    = note: this error originates in the macro `trace` (in Nightly builds, run with -Z macro-backtrace for more info)

error[E0080]: compilation was interrupted
   --> /Users/insert/.cargo/registry/src/index.crates.io-1949cf8c6b5b557f/tonic-0.11.0/src/transport/service/reconnect.rs:119:29
    |
119 | ...                   trace!("poll_ready; ready");
    |                       ^^^^^^^^^^^^^^^^^^^^^^^^^^^ evaluation of `<transport::service::reconnect::Reconnect<hyper::client::service::Connect<transport::service::connector::Connector<hyper::client::HttpConnector>, http_body::combinators::UnsyncBoxBody<bytes::Bytes, status::Status>, http::Uri>, http::Uri> as tower_service::Service<http::Request<http_body::combinators::UnsyncBoxBody<bytes::Bytes, status::Status>>>>::poll_ready` failed here
    |
    = note: this error originates in the macro `$crate::level_enabled` which comes from the expansion of the macro `trace` (in Nightly builds, run with -Z macro-backtrace for more info)

error[E0080]: compilation was interrupted
   --> /Users/insert/.cargo/registry/src/index.crates.io-1949cf8c6b5b557f/tonic-0.11.0/src/transport/service/reconnect.rs:119:29
    |
119 | ...                   trace!("poll_ready; ready");
    |                       ^^^^^^^^^^^^^^^^^^^^^^^^^^^ evaluation of `<transport::service::reconnect::Reconnect<hyper::client::service::Connect<transport::service::connector::Connector<hyper::client::HttpConnector>, http_body::combinators::UnsyncBoxBody<bytes::Bytes, status::Status>, http::Uri>, http::Uri> as tower_service::Service<http::Request<http_body::combinators::UnsyncBoxBody<bytes::Bytes, status::Status>>>>::poll_ready` failed here
    |
    = note: this error originates in the macro `$crate::event` which comes from the expansion of the macro `trace` (in Nightly builds, run with -Z macro-backtrace for more info)

error[E0080]: compilation was interrupted
   --> /Users/insert/.cargo/registry/src/index.crates.io-1949cf8c6b5b557f/tonic-0.11.0/src/transport/service/reconnect.rs:119:29
    |
119 | ...                   trace!("poll_ready; ready");
    |                       ^^^^^^^^^^^^^^^^^^^^^^^^^^^ evaluation of `<transport::service::reconnect::Reconnect<hyper::client::service::Connect<transport::service::connector::Connector<hyper::client::HttpConnector>, http_body::combinators::UnsyncBoxBody<bytes::Bytes, status::Status>, http::Uri>, http::Uri> as tower_service::Service<http::Request<http_body::combinators::UnsyncBoxBody<bytes::Bytes, status::Status>>>>::poll_ready` failed here
    |
    = note: this error originates in the macro `$crate::if_log_enabled` which comes from the expansion of the macro `trace` (in Nightly builds, run with -Z macro-backtrace for more info)

error[E0080]: compilation was interrupted
   --> /Users/insert/.cargo/registry/src/index.crates.io-1949cf8c6b5b557f/tonic-0.11.0/src/transport/service/reconnect.rs:123:29
    |
123 | ...                   trace!("poll_ready; not ready");
    |                       ^^^^^^^^^^^^^^^^^^^^^^^^^^^^^^^ evaluation of `<transport::service::reconnect::Reconnect<hyper::client::service::Connect<transport::service::connector::Connector<hyper::client::HttpConnector>, http_body::combinators::UnsyncBoxBody<bytes::Bytes, status::Status>, http::Uri>, http::Uri> as tower_service::Service<http::Request<http_body::combinators::UnsyncBoxBody<bytes::Bytes, status::Status>>>>::poll_ready` failed here
    |
    = note: this error originates in the macro `$crate::event` which comes from the expansion of the macro `trace` (in Nightly builds, run with -Z macro-backtrace for more info)

error[E0080]: compilation was interrupted
   --> /Users/insert/.cargo/registry/src/index.crates.io-1949cf8c6b5b557f/tonic-0.11.0/src/transport/service/reconnect.rs:123:29
    |
123 | ...                   trace!("poll_ready; not ready");
    |                       ^^^^^^^^^^^^^^^^^^^^^^^^^^^^^^^ evaluation of `<transport::service::reconnect::Reconnect<hyper::client::service::Connect<transport::service::connector::Connector<hyper::client::HttpConnector>, http_body::combinators::UnsyncBoxBody<bytes::Bytes, status::Status>, http::Uri>, http::Uri> as tower_service::Service<http::Request<http_body::combinators::UnsyncBoxBody<bytes::Bytes, status::Status>>>>::poll_ready` failed here
    |
    = note: this error originates in the macro `$crate::if_log_enabled` which comes from the expansion of the macro `trace` (in Nightly builds, run with -Z macro-backtrace for more info)

error[E0080]: compilation was interrupted
   --> /Users/insert/.cargo/registry/src/index.crates.io-1949cf8c6b5b557f/tonic-0.11.0/src/transport/service/reconnect.rs:127:29
    |
127 | ...                   trace!("poll_ready; error");
    |                       ^^^^^^^^^^^^^^^^^^^^^^^^^^^ evaluation of `<transport::service::reconnect::Reconnect<hyper::client::service::Connect<transport::service::connector::Connector<hyper::client::HttpConnector>, http_body::combinators::UnsyncBoxBody<bytes::Bytes, status::Status>, http::Uri>, http::Uri> as tower_service::Service<http::Request<http_body::combinators::UnsyncBoxBody<bytes::Bytes, status::Status>>>>::poll_ready` failed here
    |
    = note: this error originates in the macro `$crate::event` which comes from the expansion of the macro `trace` (in Nightly builds, run with -Z macro-backtrace for more info)

error[E0080]: compilation was interrupted
   --> /Users/insert/.cargo/registry/src/index.crates.io-1949cf8c6b5b557f/tonic-0.11.0/src/transport/service/reconnect.rs:127:29
    |
127 | ...                   trace!("poll_ready; error");
    |                       ^^^^^^^^^^^^^^^^^^^^^^^^^^^ evaluation of `<transport::service::reconnect::Reconnect<hyper::client::service::Connect<transport::service::connector::Connector<hyper::client::HttpConnector>, http_body::combinators::UnsyncBoxBody<bytes::Bytes, status::Status>, http::Uri>, http::Uri> as tower_service::Service<http::Request<http_body::combinators::UnsyncBoxBody<bytes::Bytes, status::Status>>>>::poll_ready` failed here
    |
    = note: this error originates in the macro `$crate::if_log_enabled` which comes from the expansion of the macro `trace` (in Nightly builds, run with -Z macro-backtrace for more info)

note: the above error was encountered while instantiating `fn <Reconnect<..., ...> as Service<...>>::poll_ready`
  --> /Users/insert/.cargo/registry/src/index.crates.io-1949cf8c6b5b557f/tower-0.4.13/src/util/either.rs:45:49
   |
45 |             B(service) => Poll::Ready(Ok(ready!(service.poll_ready(cx)).map_err(Into::into)?)),
   |                                                 ^^^^^^^^^^^^^^^^^^^^^^
   |
   = note: the full name for the type has been written to '/Users/insert/Cockatiel/target/debug/deps/tonic-d903f3f35ee752c8.long-type-3846458106176578073.txt'
   = note: consider using `--verbose` to print the full type name to the console

error[E0080]: compilation was interrupted
  --> /Users/insert/.cargo/registry/src/index.crates.io-1949cf8c6b5b557f/tonic-0.11.0/src/transport/service/reconnect.rs:73:21
   |
73 |                     trace!("poll_ready; idle");
   |                     ^^^^^^^^^^^^^^^^^^^^^^^^^^ evaluation of `<transport::service::reconnect::Reconnect<hyper::client::service::Connect<transport::service::connector::Connector<hyper::client::HttpConnector>, http_body::combinators::UnsyncBoxBody<bytes::Bytes, status::Status>, http::Uri>, http::Uri> as tower_service::Service<http::Request<http_body::combinators::UnsyncBoxBody<bytes::Bytes, status::Status>>>>::poll_ready::{closure#0}` failed here
   |
   = note: this error originates in the macro `$crate::if_log_enabled` which comes from the expansion of the macro `trace` (in Nightly builds, run with -Z macro-backtrace for more info)

note: the above error was encountered while instantiating `fn <Reconnect<..., ...> as Service<...>>::poll_ready::{closure#0}`
  --> /Users/insert/.cargo/registry/src/index.crates.io-1949cf8c6b5b557f/tonic-0.11.0/src/transport/service/reconnect.rs:73:21
   |
73 |                     trace!("poll_ready; idle");
   |                     ^^^^^^^^^^^^^^^^^^^^^^^^^^
   |
   = note: the full name for the type has been written to '/Users/insert/Cockatiel/target/debug/deps/tonic-d903f3f35ee752c8.long-type-9978500631503639739.txt'
   = note: consider using `--verbose` to print the full type name to the console
   = note: this note originates in the macro `$crate::event` which comes from the expansion of the macro `trace` (in Nightly builds, run with -Z macro-backtrace for more info)

error[E0080]: compilation was interrupted
  --> /Users/insert/.cargo/registry/src/index.crates.io-1949cf8c6b5b557f/tonic-0.11.0/src/transport/service/reconnect.rs:77:29
   |
77 | ...                   trace!("poll_ready; MakeService not ready");
   |                       ^^^^^^^^^^^^^^^^^^^^^^^^^^^^^^^^^^^^^^^^^^^ evaluation of `<transport::service::reconnect::Reconnect<hyper::client::service::Connect<transport::service::connector::Connector<hyper::client::HttpConnector>, http_body::combinators::UnsyncBoxBody<bytes::Bytes, status::Status>, http::Uri>, http::Uri> as tower_service::Service<http::Request<http_body::combinators::UnsyncBoxBody<bytes::Bytes, status::Status>>>>::poll_ready::{closure#1}` failed here
   |
   = note: this error originates in the macro `$crate::if_log_enabled` which comes from the expansion of the macro `trace` (in Nightly builds, run with -Z macro-backtrace for more info)

note: the above error was encountered while instantiating `fn <Reconnect<..., ...> as Service<...>>::poll_ready::{closure#1}`
  --> /Users/insert/.cargo/registry/src/index.crates.io-1949cf8c6b5b557f/tonic-0.11.0/src/transport/service/reconnect.rs:77:29
   |
77 | ...                   trace!("poll_ready; MakeService not ready");
   |                       ^^^^^^^^^^^^^^^^^^^^^^^^^^^^^^^^^^^^^^^^^^^
   |
   = note: the full name for the type has been written to '/Users/insert/Cockatiel/target/debug/deps/tonic-d903f3f35ee752c8.long-type-7667931955065491737.txt'
   = note: consider using `--verbose` to print the full type name to the console
   = note: this note originates in the macro `$crate::event` which comes from the expansion of the macro `trace` (in Nightly builds, run with -Z macro-backtrace for more info)

error[E0080]: compilation was interrupted
 --> /rustc/8bab26f4f68e0e26f0bb7960be334d5b520ea452/library/core/src/mem/mod.rs:1379:24
  |
  = note: evaluation of `<{async block@<hyper::client::service::Connect<transport::service::connector::Connector<hyper::client::HttpConnector>, http_body::combinators::UnsyncBoxBody<bytes::Bytes, status::Status>, http::Uri> as tower_service::Service<http::Uri>>::call::{closure#0}} as std::mem::SizedTypeProperties>::SIZE` failed here

note: the above error was encountered while instantiating `fn Box::<...>::new`
 --> /rustc/8bab26f4f68e0e26f0bb7960be334d5b520ea452/library/alloc/src/boxed.rs:356:8
  |
  = note: the full name for the type has been written to '/Users/insert/Cockatiel/target/debug/deps/tonic-d903f3f35ee752c8.long-type-1136791223614784407.txt'
  = note: consider using `--verbose` to print the full type name to the console

error[E0080]: compilation was interrupted
    --> /Users/insert/.cargo/registry/src/index.crates.io-1949cf8c6b5b557f/tracing-0.1.44/src/macros.rs:1579:13
     |
1579 |             $crate::Level::TRACE,
     |             ^^^^^^^^^^^^^^^^^^^^ evaluation of `hyper::client::conn::Builder::handshake::<transport::service::io::BoxedIo, http_body::combinators::UnsyncBoxBody<bytes::Bytes, status::Status>>::{closure#0}` failed here
     |
    ::: /Users/insert/.cargo/registry/src/index.crates.io-1949cf8c6b5b557f/hyper-0.14.32/src/client/conn.rs:1007:13
     |
1007 |             trace!("client handshake {:?}", opts.version);
     |             --------------------------------------------- in this macro invocation
     |
     = note: this error originates in the macro `trace` (in Nightly builds, run with -Z macro-backtrace for more info)

error[E0080]: compilation was interrupted
    --> /Users/insert/.cargo/registry/src/index.crates.io-1949cf8c6b5b557f/tracing-0.1.44/src/macros.rs:2807:17
     |
2807 |         $lvl <= $crate::level_filters::STATIC_MAX_LEVEL
     |                 ^^^^^^^^^^^^^^^^^^^^^^^^^^^^^^^^^^^^^^^ evaluation of `hyper::client::conn::Builder::handshake::<transport::service::io::BoxedIo, http_body::combinators::UnsyncBoxBody<bytes::Bytes, status::Status>>::{closure#0}` failed here
     |
    ::: /Users/insert/.cargo/registry/src/index.crates.io-1949cf8c6b5b557f/hyper-0.14.32/src/client/conn.rs:1007:13
     |
1007 |             trace!("client handshake {:?}", opts.version);
     |             --------------------------------------------- in this macro invocation
     |
     = note: this error originates in the macro `$crate::level_enabled` which comes from the expansion of the macro `trace` (in Nightly builds, run with -Z macro-backtrace for more info)

error[E0080]: compilation was interrupted
    --> /Users/insert/.cargo/registry/src/index.crates.io-1949cf8c6b5b557f/tracing-0.1.44/src/macros.rs:902:13
     |
 902 | /             (|value_set: $crate::field::ValueSet| {
 903 | |                 let meta = __CALLSITE.metadata();
 904 | |                 // event with contextual parent
 905 | |                 $crate::Event::dispatch(
...    |
 913 | |                 );
 914 | |             })($crate::valueset_all!(__CALLSITE.metadata().fields(), $($fields)*));
     | |______________^ evaluation of `hyper::client::conn::Builder::handshake::<transport::service::io::BoxedIo, http_body::combinators::UnsyncBoxBody<bytes::Bytes, status::Status>>::{closure#0}` failed here
     |
    ::: /Users/insert/.cargo/registry/src/index.crates.io-1949cf8c6b5b557f/hyper-0.14.32/src/client/conn.rs:1007:13
     |
1007 |               trace!("client handshake {:?}", opts.version);
     |               --------------------------------------------- in this macro invocation
     |
     = note: this error originates in the macro `$crate::event` which comes from the expansion of the macro `trace` (in Nightly builds, run with -Z macro-backtrace for more info)

error[E0080]: compilation was interrupted
    --> /Users/insert/.cargo/registry/src/index.crates.io-1949cf8c6b5b557f/tracing-0.1.44/src/macros.rs:3312:43
     |
3312 |         if $crate::level_to_log!($lvl) <= $crate::log::STATIC_MAX_LEVEL {
     |                                           ^^^^^^^^^^^^^^^^^^^^^^^^^^^^^ evaluation of `hyper::client::conn::Builder::handshake::<transport::service::io::BoxedIo, http_body::combinators::UnsyncBoxBody<bytes::Bytes, status::Status>>::{closure#0}` failed here
     |
    ::: /Users/insert/.cargo/registry/src/index.crates.io-1949cf8c6b5b557f/hyper-0.14.32/src/client/conn.rs:1007:13
     |
1007 |             trace!("client handshake {:?}", opts.version);
     |             --------------------------------------------- in this macro invocation
     |
     = note: this error originates in the macro `$crate::if_log_enabled` which comes from the expansion of the macro `trace` (in Nightly builds, run with -Z macro-backtrace for more info)

note: the above error was encountered while instantiating `fn Builder::handshake::<BoxedIo, ...>::{closure#0}`
  --> /Users/insert/.cargo/registry/src/index.crates.io-1949cf8c6b5b557f/hyper-0.14.32/src/client/service.rs:74:55
   |
74 |                 Ok(io) => match builder.handshake(io).await {
   |                                                       ^^^^^
   |
   = note: the full name for the type has been written to '/Users/insert/Cockatiel/target/debug/deps/tonic-d903f3f35ee752c8.long-type-10490555608352683898.txt'
   = note: consider using `--verbose` to print the full type name to the console

error[E0080]: compilation was interrupted
    --> /Users/insert/.cargo/registry/src/index.crates.io-1949cf8c6b5b557f/tracing-0.1.44/src/macros.rs:3312:43
     |
3312 |         if $crate::level_to_log!($lvl) <= $crate::log::STATIC_MAX_LEVEL {
     |                                           ^^^^^^^^^^^^^^^^^^^^^^^^^^^^^ evaluation of `hyper::client::conn::Builder::handshake::<transport::service::io::BoxedIo, http_body::combinators::UnsyncBoxBody<bytes::Bytes, status::Status>>::{closure#0}::{closure#0}` failed here
     |
    ::: /Users/insert/.cargo/registry/src/index.crates.io-1949cf8c6b5b557f/hyper-0.14.32/src/client/conn.rs:1007:13
     |
1007 |             trace!("client handshake {:?}", opts.version);
     |             --------------------------------------------- in this macro invocation
     |
     = note: this error originates in the macro `$crate::if_log_enabled` which comes from the expansion of the macro `trace` (in Nightly builds, run with -Z macro-backtrace for more info)

note: the above error was encountered while instantiating `fn Builder::handshake::<BoxedIo, ...>::{closure#0}::{closure#0}`
    --> /Users/insert/.cargo/registry/src/index.crates.io-1949cf8c6b5b557f/tracing-0.1.44/src/macros.rs:902:13
     |
 902 | /             (|value_set: $crate::field::ValueSet| {
 903 | |                 let meta = __CALLSITE.metadata();
 904 | |                 // event with contextual parent
 905 | |                 $crate::Event::dispatch(
...    |
 913 | |                 );
 914 | |             })($crate::valueset_all!(__CALLSITE.metadata().fields(), $($fields)*));
     | |__________________________________________________________________________________^
     |
    ::: /Users/insert/.cargo/registry/src/index.crates.io-1949cf8c6b5b557f/hyper-0.14.32/src/client/conn.rs:1007:13
     |
1007 |               trace!("client handshake {:?}", opts.version);
     |               --------------------------------------------- in this macro invocation
     |
     = note: the full name for the type has been written to '/Users/insert/Cockatiel/target/debug/deps/tonic-d903f3f35ee752c8.long-type-4223379933675896588.txt'
     = note: consider using `--verbose` to print the full type name to the console
     = note: this note originates in the macro `$crate::event` which comes from the expansion of the macro `trace` (in Nightly builds, run with -Z macro-backtrace for more info)

error[E0080]: compilation was interrupted
  --> /Users/insert/.cargo/registry/src/index.crates.io-1949cf8c6b5b557f/hyper-0.14.32/src/proto/h1/io.rs:98:13
   |
98 |             MINIMUM_MAX_BUFFER_SIZE,
   |             ^^^^^^^^^^^^^^^^^^^^^^^ evaluation of `hyper::proto::h1::io::Buffered::<transport::service::io::BoxedIo, hyper::proto::h1::encode::EncodedBuf<bytes::Bytes>>::set_max_buf_size` failed here

note: the above error was encountered while instantiating `fn Buffered::<BoxedIo, EncodedBuf<Bytes>>::set_max_buf_size`
  --> /Users/insert/.cargo/registry/src/index.crates.io-1949cf8c6b5b557f/hyper-0.14.32/src/proto/h1/conn.rs:93:9
   |
93 |         self.io.set_max_buf_size(max);
   |         ^^^^^^^^^^^^^^^^^^^^^^^^^^^^^
   |
   = note: the full name for the type has been written to '/Users/insert/Cockatiel/target/debug/deps/tonic-d903f3f35ee752c8.long-type-13450201162700273435.txt'
   = note: consider using `--verbose` to print the full type name to the console

error[E0080]: compilation was interrupted
    --> /Users/insert/.cargo/registry/src/index.crates.io-1949cf8c6b5b557f/log-0.4.34/src/lib.rs:1646:49
     |
1646 | pub const STATIC_MAX_LEVEL: LevelFilter = match cfg!(debug_assertions) {
     |                                                 ^^^^^^^^^^^^^^^^^^^^^^ evaluation of `log::STATIC_MAX_LEVEL` failed here

error[E0080]: compilation was interrupted
 --> /rustc/8bab26f4f68e0e26f0bb7960be334d5b520ea452/library/core/src/num/niche_types.rs:20:40
  |
  = note: evaluation of `core::num::niche_types::NonZeroI32Inner::{constant#0}` failed here
 ::: /rustc/8bab26f4f68e0e26f0bb7960be334d5b520ea452/library/core/src/num/niche_types.rs:139:1
  |
  = note: in this macro invocation
  |
  = note: this error originates in the macro `define_valid_range_type` (in Nightly builds, run with -Z macro-backtrace for more info)

error[E0080]: compilation was interrupted
 --> /rustc/8bab26f4f68e0e26f0bb7960be334d5b520ea452/library/core/src/num/niche_types.rs:124:40
  |
  = note: evaluation of `core::num::niche_types::NonZeroI32Inner::0::{constant#0}` failed here

error[E0080]: compilation was interrupted
 --> /rustc/8bab26f4f68e0e26f0bb7960be334d5b520ea452/library/core/src/num/niche_types.rs:20:40
  |
  = note: evaluation of `core::num::niche_types::NonZeroI32Inner::{constant#1}` failed here
 ::: /rustc/8bab26f4f68e0e26f0bb7960be334d5b520ea452/library/core/src/num/niche_types.rs:139:1
  |
  = note: in this macro invocation
  |
  = note: this error originates in the macro `define_valid_range_type` (in Nightly builds, run with -Z macro-backtrace for more info)

error[E0080]: compilation was interrupted
    --> /Users/insert/.cargo/registry/src/index.crates.io-1949cf8c6b5b557f/tracing-0.1.44/src/macros.rs:1855:13
     |
1855 |             $crate::Level::DEBUG,
     |             ^^^^^^^^^^^^^^^^^^^^ evaluation of `h2::client::bind_connection::<transport::service::io::BoxedIo>::{closure#0}` failed here
     |
    ::: /Users/insert/.cargo/registry/src/index.crates.io-1949cf8c6b5b557f/h2-0.3.27/src/client.rs:1274:5
     |
1274 |     tracing::debug!("binding client connection");
     |     -------------------------------------------- in this macro invocation
     |
     = note: this error originates in the macro `tracing::debug` (in Nightly builds, run with -Z macro-backtrace for more info)

error[E0080]: compilation was interrupted
    --> /Users/insert/.cargo/registry/src/index.crates.io-1949cf8c6b5b557f/tracing-0.1.44/src/macros.rs:2807:17
     |
2807 |         $lvl <= $crate::level_filters::STATIC_MAX_LEVEL
     |                 ^^^^^^^^^^^^^^^^^^^^^^^^^^^^^^^^^^^^^^^ evaluation of `h2::client::bind_connection::<transport::service::io::BoxedIo>::{closure#0}` failed here
     |
    ::: /Users/insert/.cargo/registry/src/index.crates.io-1949cf8c6b5b557f/h2-0.3.27/src/client.rs:1274:5
     |
1274 |     tracing::debug!("binding client connection");
     |     -------------------------------------------- in this macro invocation
     |
     = note: this error originates in the macro `$crate::level_enabled` which comes from the expansion of the macro `tracing::debug` (in Nightly builds, run with -Z macro-backtrace for more info)

error[E0080]: compilation was interrupted
    --> /Users/insert/.cargo/registry/src/index.crates.io-1949cf8c6b5b557f/reqwest-0.12.28/src/connect.rs:1954:5
     |
1954 |     pub(super) const OFF: Wrapper = Wrapper(false);
     |     ^^^^^^^^^^^^^^^^^^^^^^^^^^^^^^^^^^^^^^^^^^^^^^^ evaluation of `connect::verbose::OFF` failed here

error[E0080]: compilation was interrupted
    --> /Users/insert/.cargo/registry/src/index.crates.io-1949cf8c6b5b557f/tracing-0.1.44/src/macros.rs:902:13
     |
 902 | /             (|value_set: $crate::field::ValueSet| {
 903 | |                 let meta = __CALLSITE.metadata();
 904 | |                 // event with contextual parent
 905 | |                 $crate::Event::dispatch(
...    |
 913 | |                 );
 914 | |             })($crate::valueset_all!(__CALLSITE.metadata().fields(), $($fields)*));
     | |______________^ evaluation of `h2::client::bind_connection::<transport::service::io::BoxedIo>::{closure#0}` failed here
     |
    ::: /Users/insert/.cargo/registry/src/index.crates.io-1949cf8c6b5b557f/h2-0.3.27/src/client.rs:1274:5
     |
1274 |       tracing::debug!("binding client connection");
     |       -------------------------------------------- in this macro invocation
     |
     = note: this error originates in the macro `$crate::event` which comes from the expansion of the macro `tracing::debug` (in Nightly builds, run with -Z macro-backtrace for more info)

error[E0080]: compilation was interrupted
    --> /Users/insert/.cargo/registry/src/index.crates.io-1949cf8c6b5b557f/tracing-0.1.44/src/macros.rs:3312:43
     |
3312 |         if $crate::level_to_log!($lvl) <= $crate::log::STATIC_MAX_LEVEL {
     |                                           ^^^^^^^^^^^^^^^^^^^^^^^^^^^^^ evaluation of `h2::client::bind_connection::<transport::service::io::BoxedIo>::{closure#0}` failed here
     |
    ::: /Users/insert/.cargo/registry/src/index.crates.io-1949cf8c6b5b557f/h2-0.3.27/src/client.rs:1274:5
     |
1274 |     tracing::debug!("binding client connection");
     |     -------------------------------------------- in this macro invocation
     |
     = note: this error originates in the macro `$crate::if_log_enabled` which comes from the expansion of the macro `tracing::debug` (in Nightly builds, run with -Z macro-backtrace for more info)

error[E0080]: compilation was interrupted
    --> /Users/insert/.cargo/registry/src/index.crates.io-1949cf8c6b5b557f/tracing-0.1.44/src/macros.rs:1855:13
     |
1855 |             $crate::Level::DEBUG,
     |             ^^^^^^^^^^^^^^^^^^^^ evaluation of `h2::client::bind_connection::<transport::service::io::BoxedIo>::{closure#0}` failed here
     |
    ::: /Users/insert/.cargo/registry/src/index.crates.io-1949cf8c6b5b557f/h2-0.3.27/src/client.rs:1279:5
     |
1279 |     tracing::debug!("client connection bound");
     |     ------------------------------------------ in this macro invocation
     |
     = note: this error originates in the macro `tracing::debug` (in Nightly builds, run with -Z macro-backtrace for more info)

error[E0080]: compilation was interrupted
    --> /Users/insert/.cargo/registry/src/index.crates.io-1949cf8c6b5b557f/tracing-0.1.44/src/macros.rs:2807:17
     |
2807 |         $lvl <= $crate::level_filters::STATIC_MAX_LEVEL
     |                 ^^^^^^^^^^^^^^^^^^^^^^^^^^^^^^^^^^^^^^^ evaluation of `h2::client::bind_connection::<transport::service::io::BoxedIo>::{closure#0}` failed here
     |
    ::: /Users/insert/.cargo/registry/src/index.crates.io-1949cf8c6b5b557f/h2-0.3.27/src/client.rs:1279:5
     |
1279 |     tracing::debug!("client connection bound");
     |     ------------------------------------------ in this macro invocation
     |
     = note: this error originates in the macro `$crate::level_enabled` which comes from the expansion of the macro `tracing::debug` (in Nightly builds, run with -Z macro-backtrace for more info)

error[E0080]: compilation was interrupted
    --> /Users/insert/.cargo/registry/src/index.crates.io-1949cf8c6b5b557f/tracing-0.1.44/src/macros.rs:902:13
     |
 902 | /             (|value_set: $crate::field::ValueSet| {
 903 | |                 let meta = __CALLSITE.metadata();
 904 | |                 // event with contextual parent
 905 | |                 $crate::Event::dispatch(
...    |
 913 | |                 );
 914 | |             })($crate::valueset_all!(__CALLSITE.metadata().fields(), $($fields)*));
     | |______________^ evaluation of `h2::client::bind_connection::<transport::service::io::BoxedIo>::{closure#0}` failed here
     |
    ::: /Users/insert/.cargo/registry/src/index.crates.io-1949cf8c6b5b557f/h2-0.3.27/src/client.rs:1279:5
     |
1279 |       tracing::debug!("client connection bound");
     |       ------------------------------------------ in this macro invocation
     |
     = note: this error originates in the macro `$crate::event` which comes from the expansion of the macro `tracing::debug` (in Nightly builds, run with -Z macro-backtrace for more info)

error[E0080]: compilation was interrupted
    --> /Users/insert/.cargo/registry/src/index.crates.io-1949cf8c6b5b557f/tracing-0.1.44/src/macros.rs:3312:43
     |
3312 |         if $crate::level_to_log!($lvl) <= $crate::log::STATIC_MAX_LEVEL {
     |                                           ^^^^^^^^^^^^^^^^^^^^^^^^^^^^^ evaluation of `h2::client::bind_connection::<transport::service::io::BoxedIo>::{closure#0}` failed here
     |
    ::: /Users/insert/.cargo/registry/src/index.crates.io-1949cf8c6b5b557f/h2-0.3.27/src/client.rs:1279:5
     |
1279 |     tracing::debug!("client connection bound");
     |     ------------------------------------------ in this macro invocation
     |
     = note: this error originates in the macro `$crate::if_log_enabled` which comes from the expansion of the macro `tracing::debug` (in Nightly builds, run with -Z macro-backtrace for more info)

note: the above error was encountered while instantiating `fn h2::client::bind_connection::<BoxedIo>::{closure#0}`
    --> /Users/insert/.cargo/registry/src/index.crates.io-1949cf8c6b5b557f/h2-0.3.27/src/client.rs:1293:34
     |
1293 |         bind_connection(&mut io).await?;
     |                                  ^^^^^

error[E0080]: compilation was interrupted
    --> /Users/insert/.cargo/registry/src/index.crates.io-1949cf8c6b5b557f/tracing-0.1.44/src/macros.rs:3312:43
     |
3312 |         if $crate::level_to_log!($lvl) <= $crate::log::STATIC_MAX_LEVEL {
     |                                           ^^^^^^^^^^^^^^^^^^^^^^^^^^^^^ evaluation of `h2::client::bind_connection::<transport::service::io::BoxedIo>::{closure#0}::{closure#0}` failed here
     |
    ::: /Users/insert/.cargo/registry/src/index.crates.io-1949cf8c6b5b557f/h2-0.3.27/src/client.rs:1274:5
     |
1274 |     tracing::debug!("binding client connection");
     |     -------------------------------------------- in this macro invocation
     |
     = note: this error originates in the macro `$crate::if_log_enabled` which comes from the expansion of the macro `tracing::debug` (in Nightly builds, run with -Z macro-backtrace for more info)

note: the above error was encountered while instantiating `fn h2::client::bind_connection::<BoxedIo>::{closure#0}::{closure#0}`
    --> /Users/insert/.cargo/registry/src/index.crates.io-1949cf8c6b5b557f/tracing-0.1.44/src/macros.rs:902:13
     |
 902 | /             (|value_set: $crate::field::ValueSet| {
 903 | |                 let meta = __CALLSITE.metadata();
 904 | |                 // event with contextual parent
 905 | |                 $crate::Event::dispatch(
...    |
 913 | |                 );
 914 | |             })($crate::valueset_all!(__CALLSITE.metadata().fields(), $($fields)*));
     | |__________________________________________________________________________________^
     |
    ::: /Users/insert/.cargo/registry/src/index.crates.io-1949cf8c6b5b557f/h2-0.3.27/src/client.rs:1274:5
     |
1274 |       tracing::debug!("binding client connection");
     |       -------------------------------------------- in this macro invocation
     |
     = note: this note originates in the macro `$crate::event` which comes from the expansion of the macro `tracing::debug` (in Nightly builds, run with -Z macro-backtrace for more info)

error[E0080]: compilation was interrupted
    --> /Users/insert/.cargo/registry/src/index.crates.io-1949cf8c6b5b557f/tracing-0.1.44/src/macros.rs:3312:43
     |
3312 |         if $crate::level_to_log!($lvl) <= $crate::log::STATIC_MAX_LEVEL {
     |                                           ^^^^^^^^^^^^^^^^^^^^^^^^^^^^^ evaluation of `h2::client::bind_connection::<transport::service::io::BoxedIo>::{closure#0}::{closure#1}` failed here
     |
    ::: /Users/insert/.cargo/registry/src/index.crates.io-1949cf8c6b5b557f/h2-0.3.27/src/client.rs:1279:5
     |
1279 |     tracing::debug!("client connection bound");
     |     ------------------------------------------ in this macro invocation
     |
     = note: this error originates in the macro `$crate::if_log_enabled` which comes from the expansion of the macro `tracing::debug` (in Nightly builds, run with -Z macro-backtrace for more info)

note: the above error was encountered while instantiating `fn h2::client::bind_connection::<BoxedIo>::{closure#0}::{closure#1}`
    --> /Users/insert/.cargo/registry/src/index.crates.io-1949cf8c6b5b557f/tracing-0.1.44/src/macros.rs:902:13
     |
 902 | /             (|value_set: $crate::field::ValueSet| {
 903 | |                 let meta = __CALLSITE.metadata();
 904 | |                 // event with contextual parent
 905 | |                 $crate::Event::dispatch(
...    |
 913 | |                 );
 914 | |             })($crate::valueset_all!(__CALLSITE.metadata().fields(), $($fields)*));
     | |__________________________________________________________________________________^
     |
    ::: /Users/insert/.cargo/registry/src/index.crates.io-1949cf8c6b5b557f/h2-0.3.27/src/client.rs:1279:5
     |
1279 |       tracing::debug!("client connection bound");
     |       ------------------------------------------ in this macro invocation
     |
     = note: this note originates in the macro `$crate::event` which comes from the expansion of the macro `tracing::debug` (in Nightly builds, run with -Z macro-backtrace for more info)

error[E0080]: compilation was interrupted
   --> /Users/insert/.cargo/registry/src/index.crates.io-1949cf8c6b5b557f/tracing-0.1.44/src/macros.rs:317:13
    |
317 |             $crate::Level::DEBUG,
    |             ^^^^^^^^^^^^^^^^^^^^ evaluation of `h2::proto::connection::Connection::<transport::service::io::BoxedIo, h2::client::Peer, hyper::proto::h2::SendBuf<bytes::Bytes>>::new` failed here
    |
   ::: /Users/insert/.cargo/registry/src/index.crates.io-1949cf8c6b5b557f/h2-0.3.27/src/proto/connection.rs:142:23
    |
142 |                 span: tracing::debug_span!("Connection", peer = %P::NAME),
    |                       --------------------------------------------------- in this macro invocation
    |
    = note: this error originates in the macro `tracing::debug_span` (in Nightly builds, run with -Z macro-backtrace for more info)

error[E0080]: compilation was interrupted
    --> /Users/insert/.cargo/registry/src/index.crates.io-1949cf8c6b5b557f/tracing-0.1.44/src/macros.rs:2807:17
     |
2807 |         $lvl <= $crate::level_filters::STATIC_MAX_LEVEL
     |                 ^^^^^^^^^^^^^^^^^^^^^^^^^^^^^^^^^^^^^^^ evaluation of `h2::proto::connection::Connection::<transport::service::io::BoxedIo, h2::client::Peer, hyper::proto::h2::SendBuf<bytes::Bytes>>::new` failed here
     |
    ::: /Users/insert/.cargo/registry/src/index.crates.io-1949cf8c6b5b557f/h2-0.3.27/src/proto/connection.rs:142:23
     |
 142 |                 span: tracing::debug_span!("Connection", peer = %P::NAME),
     |                       --------------------------------------------------- in this macro invocation
     |
     = note: this error originates in the macro `$crate::level_enabled` which comes from the expansion of the macro `tracing::debug_span` (in Nightly builds, run with -Z macro-backtrace for more info)

error[E0080]: compilation was interrupted
    --> /Users/insert/.cargo/registry/src/index.crates.io-1949cf8c6b5b557f/tracing-0.1.44/src/macros.rs:2871:91
     |
2871 | ...port::Option::Some(&$crate::field::display(&$val) as &dyn $crate::field::Value)) },
     |                                               ^^^^^ evaluation of `h2::proto::connection::Connection::<transport::service::io::BoxedIo, h2::client::Peer, hyper::proto::h2::SendBuf<bytes::Bytes>>::new` failed here
     |
    ::: /Users/insert/.cargo/registry/src/index.crates.io-1949cf8c6b5b557f/h2-0.3.27/src/proto/connection.rs:142:23
     |
 142 |                 span: tracing::debug_span!("Connection", peer = %P::NAME),
     |                       --------------------------------------------------- in this macro invocation
     |
     = note: this error originates in the macro `$crate::valueset_all` which comes from the expansion of the macro `tracing::debug_span` (in Nightly builds, run with -Z macro-backtrace for more info)

error[E0080]: compilation was interrupted
    --> /Users/insert/.cargo/registry/src/index.crates.io-1949cf8c6b5b557f/tracing-0.1.44/src/macros.rs:3312:43
     |
3312 |         if $crate::level_to_log!($lvl) <= $crate::log::STATIC_MAX_LEVEL {
     |                                           ^^^^^^^^^^^^^^^^^^^^^^^^^^^^^ evaluation of `h2::proto::connection::Connection::<transport::service::io::BoxedIo, h2::client::Peer, hyper::proto::h2::SendBuf<bytes::Bytes>>::new` failed here
     |
    ::: /Users/insert/.cargo/registry/src/index.crates.io-1949cf8c6b5b557f/h2-0.3.27/src/proto/connection.rs:142:23
     |
 142 |                 span: tracing::debug_span!("Connection", peer = %P::NAME),
     |                       --------------------------------------------------- in this macro invocation
     |
     = note: this error originates in the macro `$crate::if_log_enabled` which comes from the expansion of the macro `tracing::debug_span` (in Nightly builds, run with -Z macro-backtrace for more info)

note: the above error was encountered while instantiating `fn Connection::<BoxedIo, Peer, SendBuf<Bytes>>::new`
    --> /Users/insert/.cargo/registry/src/index.crates.io-1949cf8c6b5b557f/h2-0.3.27/src/client.rs:1311:21
     |
1311 |           let inner = proto::Connection::new(
     |  _____________________^
1312 | |             codec,
1313 | |             proto::Config {
1314 | |                 next_stream_id: builder.stream_id,
...    |
1322 | |             },
1323 | |         );
     | |_________^
     |
     = note: the full name for the type has been written to '/Users/insert/Cockatiel/target/debug/deps/tonic-d903f3f35ee752c8.long-type-417567903406956673.txt'
     = note: consider using `--verbose` to print the full type name to the console

error[E0080]: compilation was interrupted
 --> /rustc/8bab26f4f68e0e26f0bb7960be334d5b520ea452/library/core/src/mem/mod.rs:1379:24
  |
  = note: evaluation of `<{async fn body of hyper::proto::h2::client::conn_task<futures_util::future::try_future::MapErr<futures_util::future::either::Either<futures_util::future::poll_fn::PollFn<{closure@hyper::proto::h2::client::handshake<transport::service::io::BoxedIo, http_body::combinators::UnsyncBoxBody<bytes::Bytes, status::Status>>::{closure#0}::{closure#1}}>, h2::client::Connection<transport::service::io::BoxedIo, hyper::proto::h2::SendBuf<bytes::Bytes>>>, {closure@hyper::proto::h2::client::handshake<transport::service::io::BoxedIo, http_body::combinators::UnsyncBoxBody<bytes::Bytes, status::Status>>::{closure#0}::{closure#2}}>, futures_util::future::future::Map<futures_util::stream::stream::into_future::StreamFuture<futures_channel::mpsc::Receiver<std::convert::Infallible>>, {closure@hyper::proto::h2::client::handshake<transport::service::io::BoxedIo, http_body::combinators::UnsyncBoxBody<bytes::Bytes, status::Status>>::{closure#0}::{closure#0}}>>()} as std::mem::SizedTypeProperties>::SIZE` failed here

note: the above error was encountered while instantiating `fn size_of::<{async fn body of conn_task<..., ...>()}>`
   --> /Users/insert/.cargo/registry/src/index.crates.io-1949cf8c6b5b557f/tokio-1.53.1/src/task/spawn.rs:179:24
    |
179 |         let fut_size = std::mem::size_of::<F>();
    |                        ^^^^^^^^^^^^^^^^^^^^^^^^
    |
    = note: the full name for the type has been written to '/Users/insert/Cockatiel/target/debug/deps/tonic-d903f3f35ee752c8.long-type-10300541321748560432.txt'
    = note: consider using `--verbose` to print the full type name to the console

error: could not compile `reqwest` (lib) due to 31 previous errors
warning: build failed, waiting for other jobs to finish...
error: could not compile `tonic` (lib) due to 141 previous errors
error: could not compile `axum` (lib)

Caused by:
  process didn't exit successfully: `/Users/insert/.rustup/toolchains/stable-aarch64-apple-darwin/bin/rustc --crate-name axum --edition=2021 /Users/insert/.cargo/registry/src/index.crates.io-1949cf8c6b5b557f/axum-0.7.9/src/lib.rs --error-format=json --json=diagnostic-rendered-ansi,artifacts,future-incompat --crate-type lib --emit=dep-info,metadata,link -C embed-bitcode=no -C debuginfo=2 -C split-debuginfo=unpacked --cfg 'feature="default"' --cfg 'feature="form"' --cfg 'feature="http1"' --cfg 'feature="json"' --cfg 'feature="matched-path"' --cfg 'feature="original-uri"' --cfg 'feature="query"' --cfg 'feature="tokio"' --cfg 'feature="tower-log"' --cfg 'feature="tracing"' --check-cfg 'cfg(docsrs,test)' --check-cfg 'cfg(feature, values("__private_docs", "default", "form", "http1", "http2", "json", "macros", "matched-path", "multipart", "original-uri", "query", "tokio", "tower-log", "tracing", "ws"))' -C metadata=0fc312db16515892 -C extra-filename=-e4cfc0079e461d73 --out-dir /Users/insert/Cockatiel/target/debug/deps -L dependency=/Users/insert/Cockatiel/target/debug/deps --extern async_trait=/Users/insert/Cockatiel/target/debug/deps/libasync_trait-573cf76c4ca7137f.dylib --extern axum_core=/Users/insert/Cockatiel/target/debug/deps/libaxum_core-385e6164eb4dd920.rmeta --extern bytes=/Users/insert/Cockatiel/target/debug/deps/libbytes-9925494b526c6fee.rmeta --extern futures_util=/Users/insert/Cockatiel/target/debug/deps/libfutures_util-eb54077f2a452247.rmeta --extern http=/Users/insert/Cockatiel/target/debug/deps/libhttp-5aa7572ae64e6024.rmeta --extern http_body=/Users/insert/Cockatiel/target/debug/deps/libhttp_body-bd2319effb3b5127.rmeta --extern http_body_util=/Users/insert/Cockatiel/target/debug/deps/libhttp_body_util-349955a53526cf30.rmeta --extern hyper=/Users/insert/Cockatiel/target/debug/deps/libhyper-dd161d3b9180ede3.rmeta --extern hyper_util=/Users/insert/Cockatiel/target/debug/deps/libhyper_util-de1d1ec4318563d0.rmeta --extern itoa=/Users/insert/Cockatiel/target/debug/deps/libitoa-026cf0f37cb458ff.rmeta --extern matchit=/Users/insert/Cockatiel/target/debug/deps/libmatchit-b17172ecdf4aaef9.rmeta --extern memchr=/Users/insert/Cockatiel/target/debug/deps/libmemchr-847396c199b2decf.rmeta --extern mime=/Users/insert/Cockatiel/target/debug/deps/libmime-54e4560fc5c32268.rmeta --extern percent_encoding=/Users/insert/Cockatiel/target/debug/deps/libpercent_encoding-17645fa2909f7167.rmeta --extern pin_project_lite=/Users/insert/Cockatiel/target/debug/deps/libpin_project_lite-3f008d50a50c3bdd.rmeta --extern rustversion=/Users/insert/Cockatiel/target/debug/deps/librustversion-11414c534d2812fb.dylib --extern serde=/Users/insert/Cockatiel/target/debug/deps/libserde-96ef5bd92fef2803.rmeta --extern serde_json=/Users/insert/Cockatiel/target/debug/deps/libserde_json-d5fd430aa9d830e3.rmeta --extern serde_path_to_error=/Users/insert/Cockatiel/target/debug/deps/libserde_path_to_error-bcee9539200cb32f.rmeta --extern serde_urlencoded=/Users/insert/Cockatiel/target/debug/deps/libserde_urlencoded-9daf362db928d088.rmeta --extern sync_wrapper=/Users/insert/Cockatiel/target/debug/deps/libsync_wrapper-21ada6f727182f17.rmeta --extern tokio=/Users/insert/Cockatiel/target/debug/deps/libtokio-0e2c58347fcd74a0.rmeta --extern tower=/Users/insert/Cockatiel/target/debug/deps/libtower-c29e7ddf57d8a67b.rmeta --extern tower_layer=/Users/insert/Cockatiel/target/debug/deps/libtower_layer-861118904b53eb3d.rmeta --extern tower_service=/Users/insert/Cockatiel/target/debug/deps/libtower_service-3acf895906ac0309.rmeta --extern tracing=/Users/insert/Cockatiel/target/debug/deps/libtracing-a38feabd06a23960.rmeta --cap-lints allow` (exit status: 1)
error: could not compile `turso_core` (lib)

Caused by:
  process didn't exit successfully: `/Users/insert/.rustup/toolchains/stable-aarch64-apple-darwin/bin/rustc --crate-name turso_core --edition=2021 /Users/insert/.cargo/registry/src/index.crates.io-1949cf8c6b5b557f/turso_core-0.7.2/lib.rs --error-format=json --json=diagnostic-rendered-ansi,artifacts,future-incompat --crate-type lib --emit=dep-info,metadata,link -C embed-bitcode=no -C debuginfo=2 -C split-debuginfo=unpacked --allow=unstable_name_collisions --warn=unexpected_cfgs '--deny=clippy::stable_sort_primitive' '--deny=clippy::redundant_clone' '--deny=clippy::or_fun_call' '--deny=clippy::naive_bytecount' '--deny=clippy::large_types_passed_by_value' '--deny=clippy::large_stack_frames' '--deny=clippy::collection_is_never_read' '--deny=clippy::clear_with_drain' '--deny=clippy::await_holding_lock' '--deny=clippy::assigning_clones' --check-cfg 'cfg(loom)' --check-cfg 'cfg(shuttle)' --check-cfg 'cfg(antithesis)' --check-cfg 'cfg(nightly)' --cfg 'feature="conn_raw_api"' --cfg 'feature="default"' --cfg 'feature="encryption"' --cfg 'feature="experimental_win_iocp"' --cfg 'feature="fs"' --cfg 'feature="fts"' --cfg 'feature="io_uring"' --cfg 'feature="json"' --cfg 'feature="percentile"' --cfg 'feature="pure-rust-crypto"' --cfg 'feature="series"' --cfg 'feature="time"' --cfg 'feature="uuid"' --check-cfg 'cfg(docsrs,test)' --check-cfg 'cfg(feature, values("allocation_metric", "bench", "checksum", "cli_only", "codspeed", "conn_raw_api", "default", "encryption", "experimental_win_iocp", "fs", "fts", "fuzz", "io_memory_yield", "io_uring", "json", "nanosecond-bench", "omit_autovacuum", "optimizer_params", "percentile", "pure-rust-crypto", "serde", "series", "simulator", "stacker", "test_helper", "time", "tracing_release", "uuid"))' -C metadata=9f681afcf924d091 -C extra-filename=-71750519aa05237a --out-dir /Users/insert/Cockatiel/target/debug/deps -L dependency=/Users/insert/Cockatiel/target/debug/deps --extern aegis=/Users/insert/Cockatiel/target/debug/deps/libaegis-a84a5336b78033be.rmeta --extern aes=/Users/insert/Cockatiel/target/debug/deps/libaes-1791cbb5441a7d3e.rmeta --extern aes_gcm=/Users/insert/Cockatiel/target/debug/deps/libaes_gcm-d2c1ddbf778daafb.rmeta --extern allocator_api2=/Users/insert/Cockatiel/target/debug/deps/liballocator_api2-0cb210e7485a1f39.rmeta --extern arc_swap=/Users/insert/Cockatiel/target/debug/deps/libarc_swap-885aba212fbdf253.rmeta --extern aristo=/Users/insert/Cockatiel/target/debug/deps/libaristo-2a275121562a2828.rmeta --extern bigdecimal=/Users/insert/Cockatiel/target/debug/deps/libbigdecimal-990df7e64bc7a074.rmeta --extern bitflags=/Users/insert/Cockatiel/target/debug/deps/libbitflags-f98b48f7ae2da95d.rmeta --extern branches=/Users/insert/Cockatiel/target/debug/deps/libbranches-f17d76254c583102.rmeta --extern bumpalo=/Users/insert/Cockatiel/target/debug/deps/libbumpalo-d44067fa84da8e61.rmeta --extern bytemuck=/Users/insert/Cockatiel/target/debug/deps/libbytemuck-dae1898cf244fcd0.rmeta --extern cfg_block=/Users/insert/Cockatiel/target/debug/deps/libcfg_block-92dc33e9f6916c34.rmeta --extern chrono=/Users/insert/Cockatiel/target/debug/deps/libchrono-2f8ceea8d1a25c19.rmeta --extern crc32c=/Users/insert/Cockatiel/target/debug/deps/libcrc32c-95a583f1f7c99be7.rmeta --extern crossbeam_epoch=/Users/insert/Cockatiel/target/debug/deps/libcrossbeam_epoch-58a34a2ae04c73d3.rmeta --extern crossbeam_utils=/Users/insert/Cockatiel/target/debug/deps/libcrossbeam_utils-5f72d35daf80db23.rmeta --extern either=/Users/insert/Cockatiel/target/debug/deps/libeither-4688607351b49da0.rmeta --extern fallible_iterator=/Users/insert/Cockatiel/target/debug/deps/libfallible_iterator-c5617c2ea2b52d7e.rmeta --extern fastbloom=/Users/insert/Cockatiel/target/debug/deps/libfastbloom-a526c07162394794.rmeta --extern hex=/Users/insert/Cockatiel/target/debug/deps/libhex-aa3171ad8c679914.rmeta --extern icu_collator=/Users/insert/Cockatiel/target/debug/deps/libicu_collator-28fc67392fd2f14b.rmeta --extern icu_locale=/Users/insert/Cockatiel/target/debug/deps/libicu_locale-dd07ba8d56cc6703.rmeta --extern intrusive_collections=/Users/insert/Cockatiel/target/debug/deps/libintrusive_collections-d6a720d84c0f7f4f.rmeta --extern libc=/Users/insert/Cockatiel/target/debug/deps/liblibc-2e33b1430200ad69.rmeta --extern libloading=/Users/insert/Cockatiel/target/debug/deps/liblibloading-3b36a3643bb7bf8b.rmeta --extern libm=/Users/insert/Cockatiel/target/debug/deps/liblibm-5543ae682b9d9f75.rmeta --extern miette=/Users/insert/Cockatiel/target/debug/deps/libmiette-2295fcbad75ca2a6.rmeta --extern num_bigint=/Users/insert/Cockatiel/target/debug/deps/libnum_bigint-d373e0f0453136a2.rmeta --extern num_traits=/Users/insert/Cockatiel/target/debug/deps/libnum_traits-6d7811ba3a7c2ee4.rmeta --extern pack1=/Users/insert/Cockatiel/target/debug/deps/libpack1-f9dcca509e747bff.rmeta --extern parking_lot=/Users/insert/Cockatiel/target/debug/deps/libparking_lot-a29fd8927b8b70b0.rmeta --extern pastey=/Users/insert/Cockatiel/target/debug/deps/libpastey-e209ee1e85bf090e.dylib --extern polling=/Users/insert/Cockatiel/target/debug/deps/libpolling-c27c2dcb9db25bce.rmeta --extern rand=/Users/insert/Cockatiel/target/debug/deps/librand-9e64c5e40b4b6fbb.rmeta --extern rapidhash=/Users/insert/Cockatiel/target/debug/deps/librapidhash-d0618e733943f31b.rmeta --extern regex=/Users/insert/Cockatiel/target/debug/deps/libregex-ef1db8e9bde6bc16.rmeta --extern regex_syntax=/Users/insert/Cockatiel/target/debug/deps/libregex_syntax-09db8c66f5c34ef1.rmeta --extern roaring=/Users/insert/Cockatiel/target/debug/deps/libroaring-4e0a5e9bbacbd8f7.rmeta --extern rustc_hash=/Users/insert/Cockatiel/target/debug/deps/librustc_hash-216cea66896ede9b.rmeta --extern rustix=/Users/insert/Cockatiel/target/debug/deps/librustix-47957c969d10647c.rmeta --extern ryu=/Users/insert/Cockatiel/target/debug/deps/libryu-a3e7516c0c691dfe.rmeta --extern simsimd=/Users/insert/Cockatiel/target/debug/deps/libsimsimd-e42c3342cb1ac6f9.rmeta --extern smallvec=/Users/insert/Cockatiel/target/debug/deps/libsmallvec-5556618c843c613b.rmeta --extern strum=/Users/insert/Cockatiel/target/debug/deps/libstrum-5fed988ccacc4ec6.rmeta --extern strum_macros=/Users/insert/Cockatiel/target/debug/deps/libstrum_macros-dff99a2e312db0d7.dylib --extern tantivy=/Users/insert/Cockatiel/target/debug/deps/libtantivy-f90603642232959b.rmeta --extern tempfile=/Users/insert/Cockatiel/target/debug/deps/libtempfile-3a4eafec3f6a5bb6.rmeta --extern thiserror=/Users/insert/Cockatiel/target/debug/deps/libthiserror-17124edb89e8ec33.rmeta --extern tracing=/Users/insert/Cockatiel/target/debug/deps/libtracing-a38feabd06a23960.rmeta --extern tracing_subscriber=/Users/insert/Cockatiel/target/debug/deps/libtracing_subscriber-3a22939dc1c49ece.rmeta --extern turso_ext=/Users/insert/Cockatiel/target/debug/deps/libturso_ext-fee26b328c5276b9.rmeta --extern turso_macros=/Users/insert/Cockatiel/target/debug/deps/libturso_macros-6581fde661995350.dylib --extern turso_parser=/Users/insert/Cockatiel/target/debug/deps/libturso_parser-54eb950e7f07ba2c.rmeta --extern twox_hash=/Users/insert/Cockatiel/target/debug/deps/libtwox_hash-69a877c711e0b2f3.rmeta --extern uncased=/Users/insert/Cockatiel/target/debug/deps/libuncased-7fbf49792a5195d6.rmeta --extern uuid=/Users/insert/Cockatiel/target/debug/deps/libuuid-c9fdd4fb4d4c03cd.rmeta --cap-lints allow -L native=/Users/insert/Cockatiel/target/debug/build/simsimd-26e3690ebccf7f17/out -L native=/Users/insert/Cockatiel/target/debug/build/zstd-sys-b0a272b8bd92d21a/out --cfg host_shared_wal --check-cfg 'cfg(injected_yields)' --check-cfg 'cfg(host_shared_wal)'` (exit status: 1)
error: could not compile `tantivy` (lib)

Caused by:
  process didn't exit successfully: `/Users/insert/.rustup/toolchains/stable-aarch64-apple-darwin/bin/rustc --crate-name tantivy --edition=2021 /Users/insert/.cargo/registry/src/index.crates.io-1949cf8c6b5b557f/tantivy-0.26.1/src/lib.rs --error-format=json --json=diagnostic-rendered-ansi,artifacts,future-incompat --crate-type lib --emit=dep-info,metadata,link -C embed-bitcode=no -C debuginfo=2 -C split-debuginfo=unpacked --cfg 'feature="columnar-zstd-compression"' --cfg 'feature="default"' --cfg 'feature="fs4"' --cfg 'feature="lz4-compression"' --cfg 'feature="lz4_flex"' --cfg 'feature="memmap2"' --cfg 'feature="mmap"' --cfg 'feature="rust-stemmers"' --cfg 'feature="stemmer"' --cfg 'feature="stopwords"' --cfg 'feature="tempfile"' --check-cfg 'cfg(docsrs,test)' --check-cfg 'cfg(feature, values("columnar-zstd-compression", "compare_hash_only", "default", "fail", "failpoints", "fs4", "futures-channel", "futures-util", "lz4-compression", "lz4_flex", "memmap2", "mmap", "quickwit", "rust-stemmers", "sstable", "stemmer", "stopwords", "tempfile", "unstable", "zstd", "zstd-compression"))' -C metadata=43ca716302cec29f -C extra-filename=-f90603642232959b --out-dir /Users/insert/Cockatiel/target/debug/deps -L dependency=/Users/insert/Cockatiel/target/debug/deps --extern aho_corasick=/Users/insert/Cockatiel/target/debug/deps/libaho_corasick-9bfb29057b5a8548.rmeta --extern arc_swap=/Users/insert/Cockatiel/target/debug/deps/libarc_swap-885aba212fbdf253.rmeta --extern base64=/Users/insert/Cockatiel/target/debug/deps/libbase64-35589c29a679fc09.rmeta --extern bitpacking=/Users/insert/Cockatiel/target/debug/deps/libbitpacking-3e70155f2f6b4fee.rmeta --extern bon=/Users/insert/Cockatiel/target/debug/deps/libbon-a930a79425229bbd.rmeta --extern byteorder=/Users/insert/Cockatiel/target/debug/deps/libbyteorder-43f54088085a35e9.rmeta --extern census=/Users/insert/Cockatiel/target/debug/deps/libcensus-1b1534c7ca71c63a.rmeta --extern crc32fast=/Users/insert/Cockatiel/target/debug/deps/libcrc32fast-d8a4f9cf7cf93b54.rmeta --extern crossbeam_channel=/Users/insert/Cockatiel/target/debug/deps/libcrossbeam_channel-3fa02846ba6b1f76.rmeta --extern datasketches=/Users/insert/Cockatiel/target/debug/deps/libdatasketches-fb72ec3ff0e79e8a.rmeta --extern downcast_rs=/Users/insert/Cockatiel/target/debug/deps/libdowncast_rs-ec8b90c2b984ba89.rmeta --extern fastdivide=/Users/insert/Cockatiel/target/debug/deps/libfastdivide-078936fac0715346.rmeta --extern fnv=/Users/insert/Cockatiel/target/debug/deps/libfnv-ceadf02189e8409b.rmeta --extern fs4=/Users/insert/Cockatiel/target/debug/deps/libfs4-11a70f4dc6803c70.rmeta --extern htmlescape=/Users/insert/Cockatiel/target/debug/deps/libhtmlescape-ee5331d62b500fd1.rmeta --extern itertools=/Users/insert/Cockatiel/target/debug/deps/libitertools-df2d4e2d03cbf5af.rmeta --extern levenshtein_automata=/Users/insert/Cockatiel/target/debug/deps/liblevenshtein_automata-99d470da7fc2c997.rmeta --extern log=/Users/insert/Cockatiel/target/debug/deps/liblog-0da4c19ae3791f01.rmeta --extern lru=/Users/insert/Cockatiel/target/debug/deps/liblru-ef8ced941ed25690.rmeta --extern lz4_flex=/Users/insert/Cockatiel/target/debug/deps/liblz4_flex-869a2a3ac3cb1df6.rmeta --extern measure_time=/Users/insert/Cockatiel/target/debug/deps/libmeasure_time-172944500d9edbd7.rmeta --extern memmap2=/Users/insert/Cockatiel/target/debug/deps/libmemmap2-4f9c8ef5eeaf9ffc.rmeta --extern once_cell=/Users/insert/Cockatiel/target/debug/deps/libonce_cell-26ccf122468ba71b.rmeta --extern oneshot=/Users/insert/Cockatiel/target/debug/deps/liboneshot-96129a417308cfdc.rmeta --extern rayon=/Users/insert/Cockatiel/target/debug/deps/librayon-9c5b5d6733231e0a.rmeta --extern regex=/Users/insert/Cockatiel/target/debug/deps/libregex-ef1db8e9bde6bc16.rmeta --extern rust_stemmers=/Users/insert/Cockatiel/target/debug/deps/librust_stemmers-19eddf30d61095d8.rmeta --extern rustc_hash=/Users/insert/Cockatiel/target/debug/deps/librustc_hash-216cea66896ede9b.rmeta --extern serde=/Users/insert/Cockatiel/target/debug/deps/libserde-96ef5bd92fef2803.rmeta --extern serde_json=/Users/insert/Cockatiel/target/debug/deps/libserde_json-d5fd430aa9d830e3.rmeta --extern sketches_ddsketch=/Users/insert/Cockatiel/target/debug/deps/libsketches_ddsketch-e901b2170ec02a96.rmeta --extern smallvec=/Users/insert/Cockatiel/target/debug/deps/libsmallvec-5556618c843c613b.rmeta --extern tantivy_bitpacker=/Users/insert/Cockatiel/target/debug/deps/libtantivy_bitpacker-530cbb03fed79dbc.rmeta --extern columnar=/Users/insert/Cockatiel/target/debug/deps/libtantivy_columnar-e44813658f88d41c.rmeta --extern common=/Users/insert/Cockatiel/target/debug/deps/libtantivy_common-dcd18ff40c3cf4a3.rmeta --extern tantivy_fst=/Users/insert/Cockatiel/target/debug/deps/libtantivy_fst-157ae788e715cbcc.rmeta --extern query_grammar=/Users/insert/Cockatiel/target/debug/deps/libtantivy_query_grammar-f2fc2e03c5020ef6.rmeta --extern stacker=/Users/insert/Cockatiel/target/debug/deps/libtantivy_stacker-f7f55fb0b6fd4bac.rmeta --extern tokenizer_api=/Users/insert/Cockatiel/target/debug/deps/libtantivy_tokenizer_api-dae6a29dccf10ed6.rmeta --extern tempfile=/Users/insert/Cockatiel/target/debug/deps/libtempfile-3a4eafec3f6a5bb6.rmeta --extern thiserror=/Users/insert/Cockatiel/target/debug/deps/libthiserror-17124edb89e8ec33.rmeta --extern time=/Users/insert/Cockatiel/target/debug/deps/libtime-a9aa5c996a26d3b5.rmeta --extern typetag=/Users/insert/Cockatiel/target/debug/deps/libtypetag-2cae6206bab3b999.rmeta --extern uuid=/Users/insert/Cockatiel/target/debug/deps/libuuid-c9fdd4fb4d4c03cd.rmeta --cap-lints allow -L native=/Users/insert/Cockatiel/target/debug/build/zstd-sys-b0a272b8bd92d21a/out` (exit status: 1)
